nct_id,text_sha256,split,label,source,labeled_at,assisted,method,panel_outcome
NCT00584636,9c8ab85f3ff44d50fa66f2852f297e7c2ed9d2f1e92d1e09598641427371c6ef,test,other,ctgov-api-v2 pulled 2026-09-23,2026-09-23T15:16:41+00:00,false,model-panel-v1,unanimous
NCT00588822,dec524670fdfad991df98aeace7b91f8e5c0260076d870d00e1c58538976d60a,test,efficacy,ctgov-api-v2 pulled 2026-09-23,2026-09-23T15:16:41+00:00,false,model-panel-v1,unanimous
NCT00592423,ad5565dd9ce79e88b7778d4914ff5db76a72a7e82e7935526fa535360a7b425d,test,efficacy,ctgov-api-v2 pulled 2026-09-23,2026-09-23T15:16:41+00:00,false,model-panel-v1,unanimous
NCT00593645,4c4b8a39d642993437f6a8a02173c9457fd1be031355317a7ad7a3bc340240d7,test,safety,ctgov-api-v2 pulled 2026-09-23,2026-09-23T15:16:41+00:00,false,model-panel-v1,unanimous
NCT00593957,a59c7fd628cf25f076e2d6dd094fd60c8e4ce7628f5d962c54c3260aea9a07bf,dev,other,ctgov-api-v2 pulled 2026-09-23,2026-09-23T15:16:41+00:00,false,model-panel-v1,unanimous
NCT00606606,e53b2056c0c52dda6b6a63203a4fcc737934b0d29afed5858cc0b4ee3162abbc,test,other,ctgov-api-v2 pulled 2026-09-23,2026-09-23T15:16:41+00:00,false,model-panel-v1,majority
NCT00616902,9dbf4535d2d93182fc3b9809327a19294359d113d83102eee64e3f8538053ce3,dev,accrual,ctgov-api-v2 pulled 2026-09-23,2026-09-23T15:16:41+00:00,false,model-panel-v1,unanimous
NCT00622570,01d40e9f953a596287ef7feacdca09b14d31b99dcf92567bcc59327f72aa2009,dev,accrual,ctgov-api-v2 pulled 2026-09-23,2026-09-23T15:16:41+00:00,false,model-panel-v1,unanimous
NCT00633997,e043cc69a24b82b4adbdf77c8916a0ae6d57eb30b39b35b6fc1d12ccc328ac05,dev,other,ctgov-api-v2 pulled 2026-09-23,2026-09-23T15:16:41+00:00,false,model-panel-v1,unanimous
NCT00634790,a07bec5c53b26e9fcf0b835263e12a06af3dd59bca3ccb6841b47a653da5e1b5,test,other,ctgov-api-v2 pulled 2026-09-23,2026-09-23T15:16:41+00:00,false,model-panel-v1,unanimous
NCT00650637,1a09a7499bd9396f07f599743e10bb1e528425836a2cfb6cf5cc09281207382f,test,administrative,ctgov-api-v2 pulled 2026-09-23,2026-09-23T15:16:41+00:00,false,model-panel-v1,unanimous
NCT00651131,c6f847d38efae56b5d0ea45b588e8f666c2810f43483bddf7b57624ab04af419,dev,accrual,ctgov-api-v2 pulled 2026-09-23,2026-09-23T15:16:41+00:00,false,model-panel-v1,unanimous
NCT00677326,88cf42be993836539bcdc4fb1b128cc1b098385e44b1c24dce3e8bfaec500d2e,test,accrual,ctgov-api-v2 pulled 2026-09-23,2026-09-23T15:16:41+00:00,false,model-panel-v1,unanimous
NCT00683449,45d3eec2fd267020c59efe56bd4336df9fd05dffea687a7bb440f7f156bf25a6,test,other,ctgov-api-v2 pulled 2026-09-23,2026-09-23T15:16:41+00:00,false,model-panel-v1,unanimous
NCT00704301,684e560255013001877bf8d09d9d5c79e97912ec8c837767e8bce973b01395b5,test,safety,ctgov-api-v2 pulled 2026-09-23,2026-09-23T15:16:41+00:00,false,model-panel-v1,unanimous
NCT00724321,06f3d080c78314c554c371efb30d9abd16de5dfdbb017cbe5efd9911f90b90df,dev,administrative,ctgov-api-v2 pulled 2026-09-23,2026-09-23T15:16:41+00:00,false,model-panel-v1,unanimous
NCT00746421,622216b5cbc870ea73b6c8349d36d5ac48b7402f6b48dda8ed9a0b58e5851487,test,funding,ctgov-api-v2 pulled 2026-09-23,2026-09-23T15:16:41+00:00,false,model-panel-v1,unanimous
NCT00752479,099a38429597c708f2122606007953660f0497856c428d20dd1a8cb31dfc19d4,test,other,ctgov-api-v2 pulled 2026-09-23,2026-09-23T15:16:41+00:00,false,model-panel-v1,unanimous
NCT00756106,cba50cc39be3a45509c61e2bd4f2312970e65117d82ed3c81e07bf4de3e99739,test,funding,ctgov-api-v2 pulled 2026-09-23,2026-09-23T15:16:41+00:00,false,model-panel-v1,unanimous
NCT00759083,345715d6fad13eed9eced702e909ae916e925ebfb8f76b0263bd042ffc618716,dev,accrual,ctgov-api-v2 pulled 2026-09-23,2026-09-23T15:16:41+00:00,false,model-panel-v1,unanimous
NCT00761254,9ef31a323cd2536b7a9c98d14ba769869118317667e04b59e55930880d1356fd,test,administrative,ctgov-api-v2 pulled 2026-09-23,2026-09-23T15:16:41+00:00,false,model-panel-v1,unanimous
NCT00761514,cd12e3ffaf0428b89c1cb71dbafda9957f5978ff2e682df82f0dcb201ca5be63,test,accrual,ctgov-api-v2 pulled 2026-09-23,2026-09-23T15:16:41+00:00,false,model-panel-v1,unanimous
NCT00767988,a749c436d9c0c093b6e9561fc536a45436dca175a63b8addbb9e991a169d0cc2,test,other,ctgov-api-v2 pulled 2026-09-23,2026-09-23T15:16:41+00:00,false,model-panel-v1,unanimous
NCT00773084,2f39927d905fdd4d020e8d98f9275dc8146101ba4012d18235c58764cc8b450b,test,administrative,ctgov-api-v2 pulled 2026-09-23,2026-09-23T15:16:41+00:00,false,model-panel-v1,unanimous
NCT00815516,a8718d856863e3a881de7a50ddccaf1beee1ec9c45254884c823b067d499164d,test,accrual,ctgov-api-v2 pulled 2026-09-23,2026-09-23T15:16:41+00:00,false,model-panel-v1,unanimous
NCT00825747,3e9182291d5d63308347467f5b75e1029e023eeb074b2b915cac2b1fa443fe3a,test,other,ctgov-api-v2 pulled 2026-09-23,2026-09-23T15:16:41+00:00,false,model-panel-v1,unanimous
NCT00830245,8edaf908ead74b035f636bf895a035d60722d7d322df7008f821c57e24e78019,test,accrual,ctgov-api-v2 pulled 2026-09-23,2026-09-23T15:16:41+00:00,false,model-panel-v1,unanimous
NCT00852059,29da4caef007164c963735bc7f46eb8db1e65de5eb435717f6446b107b07c04a,test,accrual,ctgov-api-v2 pulled 2026-09-23,2026-09-23T15:16:41+00:00,false,model-panel-v1,unanimous
NCT00861887,c818b83f6a2de747ddb1fb8279b26a95570222f0c8750ddaf09e07dd8fa59878,test,accrual,ctgov-api-v2 pulled 2026-09-23,2026-09-23T15:16:41+00:00,false,model-panel-v1,unanimous
NCT00870519,9f04d90db42c840ecc2996bd6ff005bf2f7ade4f019e929926ab5b7c134ee2ed,test,efficacy,ctgov-api-v2 pulled 2026-09-23,2026-09-23T15:16:41+00:00,false,model-panel-v1,unanimous
NCT00870961,f01bcbfe4c0dae9dc4c498a404204db4cb04099101a19670d78804111a63e2ba,test,administrative,ctgov-api-v2 pulled 2026-09-23,2026-09-23T15:16:41+00:00,false,model-panel-v1,unanimous
NCT00880542,aa43e7d2fe7c8aff83b47cfd021cae4afbce6ea3936fb54897e577c3638fc861,test,funding,ctgov-api-v2 pulled 2026-09-23,2026-09-23T15:16:41+00:00,false,model-panel-v1,unanimous
NCT00901303,c97945a8b9b7ed2302251e333a15a40c4f40b32cc4773f4f4054b60f7e66dd56,test,accrual,ctgov-api-v2 pulled 2026-09-23,2026-09-23T15:16:41+00:00,false,model-panel-v1,unanimous
NCT00904137,2df087436ff0b52800255104d43ec2f6a75d09dbdca3b0f8f4fa73af4e0767a7,test,accrual,ctgov-api-v2 pulled 2026-09-23,2026-09-23T15:16:41+00:00,false,model-panel-v1,unanimous
NCT00914719,b16fbc9a8f3ecdd586e1e5712bf2ce78bd0edc70a0c3e89feeb923dc7e27eadf,test,administrative,ctgov-api-v2 pulled 2026-09-23,2026-09-23T15:16:41+00:00,false,model-panel-v1,unanimous
NCT00915668,741ba672524ad6c5dfa9c13090ad4853a9eef750d7930f024713cbd02d790d81,dev,other,ctgov-api-v2 pulled 2026-09-23,2026-09-23T15:16:41+00:00,false,model-panel-v1,unanimous
NCT00920309,768c5a9f7ca8cfdaa5f36dfac09449f0f3000895123037f95dba07253c5e04ed,test,efficacy,ctgov-api-v2 pulled 2026-09-23,2026-09-23T15:16:41+00:00,false,model-panel-v1,unanimous
NCT00932672,703c8ad93239006381e2665897883bd84601eb0c567b573e59cd0c989edda638,test,accrual,ctgov-api-v2 pulled 2026-09-23,2026-09-23T15:16:41+00:00,false,model-panel-v1,unanimous
NCT00938353,ece1beae7a67e6841cb4d417d1bd658a6c84dd1c7fb10cf2cac1706c9c92f34c,test,other,ctgov-api-v2 pulled 2026-09-23,2026-09-23T15:16:41+00:00,false,model-panel-v1,unanimous
NCT00955474,a758c6bdc46b2886b4a61cdbec3d0bc2e62f1037cb202ce7257c8be5ca2ba3e0,test,business,ctgov-api-v2 pulled 2026-09-23,2026-09-23T15:16:41+00:00,false,model-panel-v1,unanimous
NCT00964990,c944a0ebc13970c04fca04403c58df686a54a1fc3025b14355b1f795ae03b1f4,test,administrative,ctgov-api-v2 pulled 2026-09-23,2026-09-23T15:16:41+00:00,false,model-panel-v1,unanimous
NCT00965003,9f8169803db31ed4c61e34ba5f7201a026a9c4a56ef16568275a7e0d47a9d373,test,administrative,ctgov-api-v2 pulled 2026-09-23,2026-09-23T15:16:41+00:00,false,model-panel-v1,unanimous
NCT00986440,093d304ab83e20ad00bac865f9d3286bb66fe05233cb281fe1d9b285f21ea314,dev,business,ctgov-api-v2 pulled 2026-09-23,2026-09-23T15:16:41+00:00,false,model-panel-v1,majority
NCT00997516,c6f25b686fd97f4e28f2d2dfb2d4691103318c498efc93c8dea78b63b35409b4,test,safety,ctgov-api-v2 pulled 2026-09-23,2026-09-23T15:16:41+00:00,false,model-panel-v1,majority
NCT00999245,b24aea44181840fdf490dfd4db5f0133e312349b35966391af72885b5072e968,dev,accrual,ctgov-api-v2 pulled 2026-09-23,2026-09-23T15:16:41+00:00,false,model-panel-v1,unanimous
NCT01002183,b871c718ce7d8053c71b392b6eeb9d76ebf9e894660e1dd82038837154f8076f,test,business,ctgov-api-v2 pulled 2026-09-23,2026-09-23T15:16:41+00:00,false,model-panel-v1,unanimous
NCT01002495,375a51398907045ffcffde82bd37c4e78accb912e735c05c863191b9c6469d5c,test,other,ctgov-api-v2 pulled 2026-09-23,2026-09-23T15:16:41+00:00,false,model-panel-v1,unanimous
NCT01009294,07ec686abde9138f05f919f1ee3c5fcd8319a33bb4f900fa9d46bfdb3ca5fdd0,test,efficacy,ctgov-api-v2 pulled 2026-09-23,2026-09-23T15:16:41+00:00,false,model-panel-v1,unanimous
NCT01029925,016baaa590a20c91460cdf464063a0d19d550edc6ba58d7258697dcbf7483632,test,safety,ctgov-api-v2 pulled 2026-09-23,2026-09-23T15:16:41+00:00,false,model-panel-v1,unanimous
NCT01051544,a5379e154c4350e25ee6337c00a20f9776c22c841c6df570cbeb0726843826e6,test,other,ctgov-api-v2 pulled 2026-09-23,2026-09-23T15:16:41+00:00,false,model-panel-v1,unanimous
NCT01089595,40786730b98fc4f4ef3ee6e0e4142457a08b5289637f2a0df300f2221b20e098,test,business,ctgov-api-v2 pulled 2026-09-23,2026-09-23T15:16:41+00:00,false,model-panel-v1,unanimous
NCT01099995,be6133f229aeaf2e1d6ea9766e8944f5b768c1264531ce10c53645c92f8fcc89,test,efficacy,ctgov-api-v2 pulled 2026-09-23,2026-09-23T15:16:41+00:00,false,model-panel-v1,unanimous
NCT01108744,ee1561d8161b82ba96c359f6c1b63fd7647cd5b2e4685c16ff128b4189085957,test,administrative,ctgov-api-v2 pulled 2026-09-23,2026-09-23T15:16:41+00:00,false,model-panel-v1,majority
NCT01127503,a4a35a915d92d2c33746bd1f5c0f799a2623336606fa58c6995ce1a3437bc1a4,test,accrual,ctgov-api-v2 pulled 2026-09-23,2026-09-23T15:16:41+00:00,false,model-panel-v1,unanimous
NCT01127633,805e7268cdf69eacccfa62a49bda2f50acfada8d3ddbbd2f7ca7438ed6bad7c6,test,efficacy,ctgov-api-v2 pulled 2026-09-23,2026-09-23T15:16:41+00:00,false,model-panel-v1,unanimous
NCT01128452,ef78bcc98ee487246e10f84387a4fcd6733fdaf82da76787fcb9cc270d4a5242,test,administrative,ctgov-api-v2 pulled 2026-09-23,2026-09-23T15:16:41+00:00,false,model-panel-v1,unanimous
NCT01169922,e1221e93b73c860c1ee3d36f0f1eb03e671680772527eae23c2a9dd973ff9aab,dev,other,ctgov-api-v2 pulled 2026-09-23,2026-09-23T15:16:41+00:00,false,model-panel-v1,unanimous
NCT01172509,ba58bb18412bb065cfbee4693d24fbafeab3d93f2d8e1c3077774377837e5745,dev,other,ctgov-api-v2 pulled 2026-09-23,2026-09-23T15:16:41+00:00,false,model-panel-v1,unanimous
NCT01173939,ab50f18616889cb6323788ad4f85f4fe2aac54170f3fb009b5d93cb17cecf540,test,other,ctgov-api-v2 pulled 2026-09-23,2026-09-23T15:16:41+00:00,false,model-panel-v1,unanimous
NCT01183130,7da5a0de1c313cc3c704eced33db9791aba3e57b369e786a4018323e96c8b727,test,other,ctgov-api-v2 pulled 2026-09-23,2026-09-23T15:16:41+00:00,false,model-panel-v1,unanimous
NCT01184196,6bfc8abed113363af49254c85186c4b8bf776e4b82d944f30dacdef5a104ca19,test,administrative,ctgov-api-v2 pulled 2026-09-23,2026-09-23T15:16:41+00:00,false,model-panel-v1,unanimous
NCT01188954,c167d1a9589ea5e65af754d9a00050080bc1e70bf257437c8b9e50b8d1d7e450,test,accrual,ctgov-api-v2 pulled 2026-09-23,2026-09-23T15:16:41+00:00,false,model-panel-v1,unanimous
NCT01196169,14a5ec91d80b5fa1779aeee0e1fdf078d1db419e38171891e8ec0591163d185b,dev,accrual,ctgov-api-v2 pulled 2026-09-23,2026-09-23T15:16:41+00:00,false,model-panel-v1,unanimous
NCT01201213,d0fe5e9cd4b4c1801d2fa032dd184f7a3db682a6861119687aac54e9a67d8927,test,administrative,ctgov-api-v2 pulled 2026-09-23,2026-09-23T15:16:41+00:00,false,model-panel-v1,unanimous
NCT01207765,d70fe0d93ab944b2c65b575d290666adeef60f39238dbe305bd391b58a41a7ef,test,other,ctgov-api-v2 pulled 2026-09-23,2026-09-23T15:16:41+00:00,false,model-panel-v1,unanimous
NCT01226420,a153112e6e3b84f3244f1ebb7219436227aa7485ec2e24551b4d66d0a9598377,dev,administrative,ctgov-api-v2 pulled 2026-09-23,2026-09-23T15:16:41+00:00,false,model-panel-v1,unanimous
NCT01251120,918c87ce026df2b1794787239df495b6b2228d87657f6c9be2d7cd42a773a143,test,accrual,ctgov-api-v2 pulled 2026-09-23,2026-09-23T15:16:41+00:00,false,model-panel-v1,unanimous
NCT01256905,d05f500a83ed313c6aa4c184d902ed9ff3435130477a96ed23e8dd4f0a4023ae,dev,administrative,ctgov-api-v2 pulled 2026-09-23,2026-09-23T15:16:41+00:00,false,model-panel-v1,unanimous
NCT01267240,9d1694bb6d61c12370edd172b5dd0abf98486669a603372db0dc303389256ccc,dev,efficacy,ctgov-api-v2 pulled 2026-09-23,2026-09-23T15:16:41+00:00,false,model-panel-v1,unanimous
NCT01278615,ff0526404d986d51f16207e3a65065ce11d846904e59ccf1752f5859b0dd9b11,test,other,ctgov-api-v2 pulled 2026-09-23,2026-09-23T15:16:41+00:00,false,model-panel-v1,unanimous
NCT01288430,ad34063b3a2a94536083dafb18ee5422cf59f3c1e00c7cdfddf4b2bcfe6f00df,test,business,ctgov-api-v2 pulled 2026-09-23,2026-09-23T15:16:41+00:00,false,model-panel-v1,unanimous
NCT01318590,ba1d05d182cadae2b9bf2605b9b7a697d404c5e893858321194b1f2abfd8b971,test,administrative,ctgov-api-v2 pulled 2026-09-23,2026-09-23T15:16:41+00:00,false,model-panel-v1,unanimous
NCT01329341,cd4794af45d3c6cc2df61c5aff4348356e5462616d66eef143da4d74c79d6ade,test,other,ctgov-api-v2 pulled 2026-09-23,2026-09-23T15:16:41+00:00,false,model-panel-v1,unanimous
NCT01341106,b26cc389593a9d5c743970d903bed8b4d22e0c843dfaa42e5cb3f27e31ad89e4,test,accrual,ctgov-api-v2 pulled 2026-09-23,2026-09-23T15:16:41+00:00,false,model-panel-v1,unanimous
NCT01368263,0f8a61d1eb4dc1827985af74ef35da9b40cf90820b04ecef555f52de25a34e99,test,funding,ctgov-api-v2 pulled 2026-09-23,2026-09-23T15:16:41+00:00,false,model-panel-v1,majority
NCT01370486,8e9f1e3840f712c5f4ec8b97127cbc986e27968a3a34f369238f9b3f529cbd42,test,administrative,ctgov-api-v2 pulled 2026-09-23,2026-09-23T15:16:41+00:00,false,model-panel-v1,unanimous
NCT01375816,9b31cd56193b5e153d2692bf591d445a7f92c23b77c2761a2c25a810191cbc47,test,other,ctgov-api-v2 pulled 2026-09-23,2026-09-23T15:16:41+00:00,false,model-panel-v1,unanimous
NCT01377389,3143fe94c7800fa48b0f0d33c9ecc09fc955882513c3dbfdd7515cbc8a5257cb,test,safety,ctgov-api-v2 pulled 2026-09-23,2026-09-23T15:16:41+00:00,false,model-panel-v1,unanimous
NCT01398995,c0b4d77cdc31ce7881a52854f20f5cfec07a496ea570b157b6862ddebc810cac,test,safety,ctgov-api-v2 pulled 2026-09-23,2026-09-23T15:16:41+00:00,false,model-panel-v1,unanimous
NCT01424657,c1cba848da4570163a846078c21250459d2f8a62853a36f24bc61aadcc90aba3,test,other,ctgov-api-v2 pulled 2026-09-23,2026-09-23T15:16:41+00:00,false,model-panel-v1,adjudicated
NCT01437826,8ec74b205851a6846171663664e34aa44388b2ac6facb6921428869844b03eff,dev,accrual,ctgov-api-v2 pulled 2026-09-23,2026-09-23T15:16:41+00:00,false,model-panel-v1,unanimous
NCT01449448,ffd93ef9ce6959e81393ef1a7a2f50bbc2e812e368442da0cbf8c2f8e1210d5a,test,administrative,ctgov-api-v2 pulled 2026-09-23,2026-09-23T15:16:41+00:00,false,model-panel-v1,unanimous
NCT01451528,a753c316e1554f78a1a1fcb3cfa3eb5c55681ae34c2d591ccd77b64da24b0893,test,funding,ctgov-api-v2 pulled 2026-09-23,2026-09-23T15:16:41+00:00,false,model-panel-v1,unanimous
NCT01452100,88ca58a4d2a1a12a31c3eee2fa6141828264f124b323b5658c9df82fd003785c,test,accrual,ctgov-api-v2 pulled 2026-09-23,2026-09-23T15:16:41+00:00,false,model-panel-v1,unanimous
NCT01452295,b88ecdea15e0816c1d0a2b6f6048d755aad27b9278eb44d5d6c8ba3ca55650a9,test,accrual,ctgov-api-v2 pulled 2026-09-23,2026-09-23T15:16:41+00:00,false,model-panel-v1,unanimous
NCT01479998,d0cf28cb18e153d324c693bd8cbaf3f34a779eaa12c9b910a7ad2ccedc83a5ca,test,accrual,ctgov-api-v2 pulled 2026-09-23,2026-09-23T15:16:41+00:00,false,model-panel-v1,unanimous
NCT01486459,edb482412b512f522bb7a98ecd31037841f7e9e882870a6a01e2e965f6b83034,test,accrual,ctgov-api-v2 pulled 2026-09-23,2026-09-23T15:16:41+00:00,false,model-panel-v1,unanimous
NCT01499901,fa3ba85a86b0307ed276a744b2fc2a5b3241d1377f322b7190986365c8f916e7,test,other,ctgov-api-v2 pulled 2026-09-23,2026-09-23T15:16:41+00:00,false,model-panel-v1,unanimous
NCT01552993,19a6f6448bdbe1c3b08f26530c53399c27654270f834871bf5d2838829fd6bc9,dev,efficacy,ctgov-api-v2 pulled 2026-09-23,2026-09-23T15:16:41+00:00,false,model-panel-v1,unanimous
NCT01563614,a2c4c87f62f882c69e4abada0671c19043b8168bf888cd4baa83feb7a2fa2216,dev,accrual,ctgov-api-v2 pulled 2026-09-23,2026-09-23T15:16:41+00:00,false,model-panel-v1,unanimous
NCT01565512,fc77d0e0a2e57cf117b9122d0ea8f4dddfffe4b15dcbdf2da4f35717fc4a1b24,test,funding,ctgov-api-v2 pulled 2026-09-23,2026-09-23T15:16:41+00:00,false,model-panel-v1,unanimous
NCT01589744,d6216d4fd96a9b84a5e00ddbfaf10041f0f963acf28e67ea623eb123c3b23c36,test,other,ctgov-api-v2 pulled 2026-09-23,2026-09-23T15:16:41+00:00,false,model-panel-v1,unanimous
NCT01601483,ddec9fd8e5b8809c818cc5f6f8ccbeb8a2acd0083cb0eedc783fd76690e91d25,test,administrative,ctgov-api-v2 pulled 2026-09-23,2026-09-23T15:16:41+00:00,false,model-panel-v1,unanimous
NCT01612299,cdcb90c50de33a021c91a6d18441239db9fd6b7bace438e5a3827e0e26a8ed5a,test,funding,ctgov-api-v2 pulled 2026-09-23,2026-09-23T15:16:41+00:00,false,model-panel-v1,unanimous
NCT01617798,1fe232b93265d41d8777a505b3a1eed842be1e5738e1700ebfa1a3de06afc23c,test,administrative,ctgov-api-v2 pulled 2026-09-23,2026-09-23T15:16:41+00:00,false,model-panel-v1,unanimous
NCT01618383,10b64b6da9d5a4809285b26d14193f08fe254c8e932005acff92c8c47868eb99,test,accrual,ctgov-api-v2 pulled 2026-09-23,2026-09-23T15:16:41+00:00,false,model-panel-v1,unanimous
NCT01618591,00efcaa46d7d6a6aead4c3c6ae7ecab6f1514ef872e69fb1114c6c50371482bc,test,funding,ctgov-api-v2 pulled 2026-09-23,2026-09-23T15:16:41+00:00,false,model-panel-v1,unanimous
NCT01634360,efd8388ca045e2aba962d22ca9f0e00f24f3bdf327aa6908e132293e5fe5b07e,test,business,ctgov-api-v2 pulled 2026-09-23,2026-09-23T15:16:41+00:00,false,model-panel-v1,unanimous
NCT01649180,b6e1a4e3fda241e2ba36c50deb2d2aa658a5dfdcf7e7b6f14e68226a71291b57,test,accrual,ctgov-api-v2 pulled 2026-09-23,2026-09-23T15:16:41+00:00,false,model-panel-v1,unanimous
NCT01712074,d6bc3e1c34858590cc1ff568a4a8a4ff465544945afcbf1ac1a4296e2990c648,dev,efficacy,ctgov-api-v2 pulled 2026-09-23,2026-09-23T15:16:41+00:00,false,model-panel-v1,unanimous
NCT01712880,7ffacec5f7c63cb79051ebb6a430ef5a77dcf04deeef8a95cce633c102d95ba8,dev,other,ctgov-api-v2 pulled 2026-09-23,2026-09-23T15:16:41+00:00,false,model-panel-v1,unanimous
NCT01723631,809fd09aafa6ea259267250fc3ea6ca18ed1a874d34dd4625b39273cf0daf41b,test,other,ctgov-api-v2 pulled 2026-09-23,2026-09-23T15:16:41+00:00,false,model-panel-v1,unanimous
NCT01734941,917d8a90690235a6caca2b846ca305c93c54879949248f0d9e4a2fdf36b06161,test,efficacy,ctgov-api-v2 pulled 2026-09-23,2026-09-23T15:16:41+00:00,false,model-panel-v1,unanimous
NCT01749488,205c7bb671fcc329f5929847ae47d2cfff22ab010b7a2096df184ae628c2283e,test,other,ctgov-api-v2 pulled 2026-09-23,2026-09-23T15:16:41+00:00,false,model-panel-v1,unanimous
NCT01749826,cc742c930a084d80cb3abd7badee66b93fc65ba0330e4bb5e48e94bd511d15d6,test,other,ctgov-api-v2 pulled 2026-09-23,2026-09-23T15:16:41+00:00,false,model-panel-v1,unanimous
NCT01750684,bb2d4035ff98dc0c6174b33679f0b41fc59d6fa44e81b93646e150b96f6eec59,test,accrual,ctgov-api-v2 pulled 2026-09-23,2026-09-23T15:16:41+00:00,false,model-panel-v1,unanimous
NCT01762852,b0730781a85ce3d29b11ea5fe9a659ba677e0a91d49c9b10abf132d5e6486a34,dev,accrual,ctgov-api-v2 pulled 2026-09-23,2026-09-23T15:16:41+00:00,false,model-panel-v1,unanimous
NCT01782196,56f3117b8c7d83d5af810c65161d1a7e731f8b6cb678b455fdd59cbb8e50a602,dev,other,ctgov-api-v2 pulled 2026-09-23,2026-09-23T15:16:41+00:00,false,model-panel-v1,unanimous
NCT01783015,7fa1bcb4d76af24395af80367c83daf7465094e35eb614a30903b4dc4c9d4a5e,dev,accrual,ctgov-api-v2 pulled 2026-09-23,2026-09-23T15:16:41+00:00,false,model-panel-v1,unanimous
NCT01787851,bbeb5dcf3f97c67f02c40ec04ccdb37396a4d9d9a2707617feaf659828d8a7e2,test,accrual,ctgov-api-v2 pulled 2026-09-23,2026-09-23T15:16:41+00:00,false,model-panel-v1,majority
NCT01819142,b3432c9f41eff18332ad3d598aefdac98fcca3f10da28b289f33a9684756655a,test,other,ctgov-api-v2 pulled 2026-09-23,2026-09-23T15:16:41+00:00,false,model-panel-v1,unanimous
NCT01824602,92a9e9c715cbe7bb46e461ed75ddd84a4a2cc47545f67735a81b7b9c1bd8ad63,test,accrual,ctgov-api-v2 pulled 2026-09-23,2026-09-23T15:16:41+00:00,false,model-panel-v1,unanimous
NCT01852110,4fefaa2086effe9689c532dfa04d0815f5f0cd0645ab29ec3f372632f80cc3f8,dev,efficacy,ctgov-api-v2 pulled 2026-09-23,2026-09-23T15:16:41+00:00,false,model-panel-v1,unanimous
NCT01859052,d90024f5ad3185625be6dee0caec29d00278e9f5958b8047c3fea5cee90cfbe7,test,administrative,ctgov-api-v2 pulled 2026-09-23,2026-09-23T15:16:41+00:00,false,model-panel-v1,unanimous
NCT01881997,fe67799f7ca633cd8bb714f888917a58df2584e214e98492b38457cc6ada8685,test,administrative,ctgov-api-v2 pulled 2026-09-23,2026-09-23T15:16:41+00:00,false,model-panel-v1,unanimous
NCT01886794,e762d30efc4853d4b45f19d08fba50c52847e5e31ff0f489877d36c40c3ac932,dev,administrative,ctgov-api-v2 pulled 2026-09-23,2026-09-23T15:16:41+00:00,false,model-panel-v1,unanimous
NCT01890707,7447bda0282171aaa33f05deb6a769675825b01feea2a95fb59e50f34581c513,test,other,ctgov-api-v2 pulled 2026-09-23,2026-09-23T15:16:41+00:00,false,model-panel-v1,unanimous
NCT01946399,7f5e3ab2f17c442bdbf9bc0613c32bb7fcab0d9326a54f009f2fff0c0ab18bf8,test,accrual,ctgov-api-v2 pulled 2026-09-23,2026-09-23T15:16:41+00:00,false,model-panel-v1,unanimous
NCT01969565,adc49f17541e15e151806b9ecf81d7f95526d6238e00980e9c79bbc06d401f98,test,administrative,ctgov-api-v2 pulled 2026-09-23,2026-09-23T15:16:41+00:00,false,model-panel-v1,unanimous
NCT01979263,8d7e11f818bf7d854942d5f830b8069ffdc44ea5c132ae30103c9c974754d8fd,test,accrual,ctgov-api-v2 pulled 2026-09-23,2026-09-23T15:16:41+00:00,false,model-panel-v1,unanimous
NCT01993901,4e235463098452cd1ece71830e55e3c2ac96f8e724745e9dfd23d985f23bb226,test,other,ctgov-api-v2 pulled 2026-09-23,2026-09-23T15:16:41+00:00,false,model-panel-v1,unanimous
NCT02009943,30aec418ff98676a8227f87768487ba25f0e1b4ab668de61bb0a6ffb5d95ca49,test,funding,ctgov-api-v2 pulled 2026-09-23,2026-09-23T15:16:41+00:00,false,model-panel-v1,unanimous
NCT02010567,520477d387baa386edde0ef4d40547fcf722accb859c239e9436f8f24c30db78,test,funding,ctgov-api-v2 pulled 2026-09-23,2026-09-23T15:16:41+00:00,false,model-panel-v1,majority
NCT02029781,3c28c57b9e1853d4f9a2e71b2cbf6db5f6abf6b69660086d095ed4cfb06eee41,test,accrual,ctgov-api-v2 pulled 2026-09-23,2026-09-23T15:16:41+00:00,false,model-panel-v1,unanimous
NCT02034461,317596e403dbdf70512210840525040e8a5524377b22b69f0be90e30515c1b3c,test,other,ctgov-api-v2 pulled 2026-09-23,2026-09-23T15:16:41+00:00,false,model-panel-v1,unanimous
NCT02066363,66ce46f8d5ece3b04245d56672664a332ce33f829431a659617d89f03662463f,test,accrual,ctgov-api-v2 pulled 2026-09-23,2026-09-23T15:16:41+00:00,false,model-panel-v1,unanimous
NCT02072616,13727bf5666497f7d495eda82724606fcf64a28e6de904073c2cccc0791bdfd8,test,other,ctgov-api-v2 pulled 2026-09-23,2026-09-23T15:16:41+00:00,false,model-panel-v1,unanimous
NCT02095522,125b12e3f2180bdd061f0a8b50de98442811c8df36cbaa98c0201cf2b33511be,test,accrual,ctgov-api-v2 pulled 2026-09-23,2026-09-23T15:16:41+00:00,false,model-panel-v1,unanimous
NCT02095899,62324ae0f8e2ba24aa6aa3cff9b286dab6d6b562f0b3164f77d0aef4a8616721,test,accrual,ctgov-api-v2 pulled 2026-09-23,2026-09-23T15:16:41+00:00,false,model-panel-v1,unanimous
NCT02100527,2d41edc930abd8b54c299ca50209c3261925d8cb36c2944ce525c3f3e11cc346,dev,other,ctgov-api-v2 pulled 2026-09-23,2026-09-23T15:16:41+00:00,false,model-panel-v1,unanimous
NCT02105116,e2a93a1e1e57784e9a9c81b1bed79a8c5b11714dc8258e340e4306bdfb093d7f,test,accrual,ctgov-api-v2 pulled 2026-09-23,2026-09-23T15:16:41+00:00,false,model-panel-v1,unanimous
NCT02129400,7d77eecf39636e50d98548724463c5fe25d6d263f7ebe57e6dfbadd1a85b660a,dev,funding,ctgov-api-v2 pulled 2026-09-23,2026-09-23T15:16:41+00:00,false,model-panel-v1,unanimous
NCT02143141,11e99f455cee5190ce41529ac646edc2a798ffa3c6e794dd4b50d8a6ae2fa63a,test,accrual,ctgov-api-v2 pulled 2026-09-23,2026-09-23T15:16:41+00:00,false,model-panel-v1,unanimous
NCT02143804,c46adf28f0f2e9935a5959ff4e3574882f3e373d7de2e0afe83ff0e1da8bf915,test,other,ctgov-api-v2 pulled 2026-09-23,2026-09-23T15:16:41+00:00,false,model-panel-v1,unanimous
NCT02147834,af030bae5a97318a7325c5d59e4a6cf996ab1891e3dfa20303011db79662ccf7,test,efficacy,ctgov-api-v2 pulled 2026-09-23,2026-09-23T15:16:41+00:00,false,model-panel-v1,unanimous
NCT02153177,20239d6d25fb6c83eae2454af72bcb4fa686a7e9356a3d334b32f016b77694f1,test,other,ctgov-api-v2 pulled 2026-09-23,2026-09-23T15:16:41+00:00,false,model-panel-v1,unanimous
NCT02154984,eb1e43f59b57b31d1e0fd89df48bdfcbf419314b0c57c07315900ae8e911a5b3,test,funding,ctgov-api-v2 pulled 2026-09-23,2026-09-23T15:16:41+00:00,false,model-panel-v1,unanimous
NCT02170389,abdb2c210b9266e3145c6cdd28f6cc1c9480d6173d75926ecf7aa635bcdb5ced,test,funding,ctgov-api-v2 pulled 2026-09-23,2026-09-23T15:16:41+00:00,false,model-panel-v1,unanimous
NCT02180282,c516ea006f98f1f44b9428582adcdb57f1d0ae0bd38e99ebae3f3e67143eaa8d,test,accrual,ctgov-api-v2 pulled 2026-09-23,2026-09-23T15:16:41+00:00,false,model-panel-v1,unanimous
NCT02189889,f1cdfcd64f88d4f5d931a1e1af2d9267916d7dd6f488aa0f36f6760d4bb737e3,test,administrative,ctgov-api-v2 pulled 2026-09-23,2026-09-23T15:16:41+00:00,false,model-panel-v1,unanimous
NCT02201524,7a4cdb49fbf0ea6d789bba11c777e503470f19f98a5bffd1babf3c50567b2e67,test,business,ctgov-api-v2 pulled 2026-09-23,2026-09-23T15:16:41+00:00,false,model-panel-v1,unanimous
NCT02224170,88eb6d5fa1f97aa1442fec14c5fc1899529ccd515fbdb8da087dac04a36915ab,dev,accrual,ctgov-api-v2 pulled 2026-09-23,2026-09-23T15:16:41+00:00,false,model-panel-v1,unanimous
NCT02265380,c8b32ad3e9e29838334b766590f98beac26f8bd70c1eb5f1959bc32a60bb8c2d,dev,accrual,ctgov-api-v2 pulled 2026-09-23,2026-09-23T15:16:41+00:00,false,model-panel-v1,unanimous
NCT02301429,7f4784d3eab74bf55fb17abad113290fbc580d4b551380f1c7750eaef888a6c2,test,efficacy,ctgov-api-v2 pulled 2026-09-23,2026-09-23T15:16:41+00:00,false,model-panel-v1,unanimous
NCT02304705,ae644886fb69f40c882d4132c5f804ee52fc2fd7c518d6437d38e9089d771c8f,dev,accrual,ctgov-api-v2 pulled 2026-09-23,2026-09-23T15:16:41+00:00,false,model-panel-v1,unanimous
NCT02370628,4b410d2224eb2ad9221cc30f485d7eb42da767c09c9b266d08efe795d96122d5,test,accrual,ctgov-api-v2 pulled 2026-09-23,2026-09-23T15:16:41+00:00,false,model-panel-v1,unanimous
NCT02374905,8b7fdb5542ba0c721246d1ed8811fbc8970474472ee56bbd857923fb237012ff,test,administrative,ctgov-api-v2 pulled 2026-09-23,2026-09-23T15:16:41+00:00,false,model-panel-v1,unanimous
NCT02377362,f2279a9fc62db3021c7519f3a71754badf84659e025459372501ec27f1ffe6fc,test,efficacy,ctgov-api-v2 pulled 2026-09-23,2026-09-23T15:16:41+00:00,false,model-panel-v1,unanimous
NCT02387008,337deb75bbc434e431254987e3fa8120e25a586f5a5da92c7ebf2ecd9e44a24f,dev,accrual,ctgov-api-v2 pulled 2026-09-23,2026-09-23T15:16:41+00:00,false,model-panel-v1,unanimous
NCT02392572,3df43f99e606dc3e01a641f36059aa7b45915dfcc0f0badcd4977eae5ef43054,test,other,ctgov-api-v2 pulled 2026-09-23,2026-09-23T15:16:41+00:00,false,model-panel-v1,adjudicated
NCT02398318,f61aaa10600e430deb8ac7777cf330f16da74db6b65ea6351a9fa83c2e8e2f9e,dev,other,ctgov-api-v2 pulled 2026-09-23,2026-09-23T15:16:41+00:00,false,model-panel-v1,unanimous
NCT02398604,e677984bb9b540b440e53ab97b67ba9397680ad3e7aca86f67e88be07b33c102,test,administrative,ctgov-api-v2 pulled 2026-09-23,2026-09-23T15:16:41+00:00,false,model-panel-v1,unanimous
NCT02406300,d4971ebdb96848b0ceedd7a823c104991e5149c9848332b52395e7d83267bd20,dev,administrative,ctgov-api-v2 pulled 2026-09-23,2026-09-23T15:16:41+00:00,false,model-panel-v1,unanimous
NCT02408419,8c909ed68c66afff51ba0d16575d0c2f4ee6389373c7d7ed5fb45be27cba8b14,test,other,ctgov-api-v2 pulled 2026-09-23,2026-09-23T15:16:41+00:00,false,model-panel-v1,unanimous
NCT02414724,1ec59a21e246d8a349788309b9716276cca74fdb182df3a03f5717ad0b39d98c,test,administrative,ctgov-api-v2 pulled 2026-09-23,2026-09-23T15:16:41+00:00,false,model-panel-v1,unanimous
NCT02450695,d0ea70c740ef68df9f755faf8ad92c12add6304dde8c827bf7113ae5e7e10286,test,accrual,ctgov-api-v2 pulled 2026-09-23,2026-09-23T15:16:41+00:00,false,model-panel-v1,unanimous
NCT02487953,1fb0aaa3de78bcc6ca3517c8f30d0a0b073de2200fde84391f4551ad5d09efa6,test,other,ctgov-api-v2 pulled 2026-09-23,2026-09-23T15:16:41+00:00,false,model-panel-v1,unanimous
NCT02492997,d11369f1d3a759413965e4bfc7eb188fe3905bde73e7816ac3d96d98799b7ca1,dev,accrual,ctgov-api-v2 pulled 2026-09-23,2026-09-23T15:16:41+00:00,false,model-panel-v1,unanimous
NCT02532088,0617b5dcc0d3aafbf15fd6bd128deedeab53e1711b0f279525611d0a32406746,test,other,ctgov-api-v2 pulled 2026-09-23,2026-09-23T15:16:41+00:00,false,model-panel-v1,unanimous
NCT02537561,35d09764a4cbeb56d8e8b917734aafc52b642ec780de7c47fa4848a69b1a9250,dev,business,ctgov-api-v2 pulled 2026-09-23,2026-09-23T15:16:41+00:00,false,model-panel-v1,unanimous
NCT02538471,e417dc8744f4d653acf3c9dfaa5d6b542531d952fa06363694292ad2a7550cc7,test,accrual,ctgov-api-v2 pulled 2026-09-23,2026-09-23T15:16:41+00:00,false,model-panel-v1,unanimous
NCT02547142,406cc9b0f59a1a013f3c9e4391e9017c89af0286059a8aa21c4c173d692665c4,test,accrual,ctgov-api-v2 pulled 2026-09-23,2026-09-23T15:16:41+00:00,false,model-panel-v1,unanimous
NCT02560740,31cdf90cc44cea1f92e433c1ebcc7be6d86c0291faacb0e08aade39ad648db05,test,safety,ctgov-api-v2 pulled 2026-09-23,2026-09-23T15:16:41+00:00,false,model-panel-v1,unanimous
NCT02567279,85f5533c357e4721f0f0248623a4452a35c7d1bb182f94327e50aa445491d1bb,test,accrual,ctgov-api-v2 pulled 2026-09-23,2026-09-23T15:16:41+00:00,false,model-panel-v1,unanimous
NCT02616757,f100c4f160ffb53968990374930d231d1315a69fd41969c114243a02fa122bec,dev,administrative,ctgov-api-v2 pulled 2026-09-23,2026-09-23T15:16:41+00:00,false,model-panel-v1,unanimous
NCT02633800,8a9c4e7265ac0c4ac1f5ee0ea1474416079c01a496e3bceebdc8476502be78e2,test,efficacy,ctgov-api-v2 pulled 2026-09-23,2026-09-23T15:16:41+00:00,false,model-panel-v1,unanimous
NCT02634905,8f44c6337be7f43647057ee1f9a2817e8686f8ca3480b5527cb2a3cce150ae6e,test,other,ctgov-api-v2 pulled 2026-09-23,2026-09-23T15:16:41+00:00,false,model-panel-v1,unanimous
NCT02636738,2476911b457fe7d905b572b9cd6d0ecd2c47501088f888e04ddffc475f864878,test,business,ctgov-api-v2 pulled 2026-09-23,2026-09-23T15:16:41+00:00,false,model-panel-v1,unanimous
NCT02645942,bf9e9ede8d6e2cfec64977442736550958421aea4ccd5f44b4273a73d102ac0e,test,administrative,ctgov-api-v2 pulled 2026-09-23,2026-09-23T15:16:41+00:00,false,model-panel-v1,unanimous
NCT02655211,0ce40c200bd88257f720d0c39af061423ec0a741c468e6e20d006050115ba3cb,dev,administrative,ctgov-api-v2 pulled 2026-09-23,2026-09-23T15:16:41+00:00,false,model-panel-v1,unanimous
NCT02655302,e9353ce7c4d8b002f0995928379555088e6221c4d57898cfdae6cbed5caf087b,dev,covid19,ctgov-api-v2 pulled 2026-09-23,2026-09-23T15:16:41+00:00,false,model-panel-v1,unanimous
NCT02658123,7085eb6fb6b3d61eba20c40f4b9237786fdf23fc26140f704859c88c2339eea6,test,efficacy,ctgov-api-v2 pulled 2026-09-23,2026-09-23T15:16:41+00:00,false,model-panel-v1,unanimous
NCT02661659,332edd3e700877c9a27fd5d2b6049a83cddd7f8ad10fdac1594d595e9b9dff47,dev,accrual,ctgov-api-v2 pulled 2026-09-23,2026-09-23T15:16:41+00:00,false,model-panel-v1,unanimous
NCT02700802,2f40d6773bbba065722f4dc29bf708e06380024d0b56754f02c51674394a126a,test,funding,ctgov-api-v2 pulled 2026-09-23,2026-09-23T15:16:41+00:00,false,model-panel-v1,unanimous
NCT02703272,5a05b5bcb74e446fe95930178bb5492bdba9255d80cd9e04f4a4183d7206beb8,test,efficacy,ctgov-api-v2 pulled 2026-09-23,2026-09-23T15:16:41+00:00,false,model-panel-v1,unanimous
NCT02709161,d1aef7185aaaa30775957af9a1eb635a169cc5c792539c0c894420dcdf70445b,test,funding,ctgov-api-v2 pulled 2026-09-23,2026-09-23T15:16:41+00:00,false,model-panel-v1,unanimous
NCT02717013,7f721af6a2d51c854994e9dc7076f491bbb6f0caaf5e4d7a92aa92e358147f4f,test,accrual,ctgov-api-v2 pulled 2026-09-23,2026-09-23T15:16:41+00:00,false,model-panel-v1,unanimous
NCT02730793,eec7ee61e76a6dac95f8cce2dbdae65a12328a7427efd0ca0968a4250bdad726,dev,accrual,ctgov-api-v2 pulled 2026-09-23,2026-09-23T15:16:41+00:00,false,model-panel-v1,unanimous
NCT02732925,5cce0e332408104657e4cf3e2c94dd8b4469a7216ac650ef5b5d34e766f6946b,test,accrual,ctgov-api-v2 pulled 2026-09-23,2026-09-23T15:16:41+00:00,false,model-panel-v1,unanimous
NCT02736435,0089c9d152df115f8a0d02a437b52512f90284cf2a11608d3fa146199818e6ea,test,other,ctgov-api-v2 pulled 2026-09-23,2026-09-23T15:16:41+00:00,false,model-panel-v1,majority
NCT02753816,b40027f44dd6c48ff3841914b5fcd7424016e3e915624fd90e91e2f3288aa1af,test,accrual,ctgov-api-v2 pulled 2026-09-23,2026-09-23T15:16:41+00:00,false,model-panel-v1,unanimous
NCT02770768,fd10997d6ae7cc30fa422c1ea91b420d8dd7321fda2097f51c6ab37315211236,test,administrative,ctgov-api-v2 pulled 2026-09-23,2026-09-23T15:16:41+00:00,false,model-panel-v1,unanimous
NCT02784431,ca9529f8fadf46a32d178105e984fff1f863219554da09bad45986bf7467ef8b,test,other,ctgov-api-v2 pulled 2026-09-23,2026-09-23T15:16:41+00:00,false,model-panel-v1,majority
NCT02790632,306179b43cf7eb110dd51265f4b2165978ee3aafa86922e61d5153c9bbf16b6a,dev,efficacy,ctgov-api-v2 pulled 2026-09-23,2026-09-23T15:16:41+00:00,false,model-panel-v1,unanimous
NCT02813655,bdf7fcfba05f70ae0bc5f0b88ad0e41ec32022104fe8654bfa3654a69ced4c5c,test,efficacy,ctgov-api-v2 pulled 2026-09-23,2026-09-23T15:16:41+00:00,false,model-panel-v1,unanimous
NCT02833766,805b16e0bd5f7f0e9796403b3b8b9e60db90b10705706d2e37f92a1ecb7f845a,test,business,ctgov-api-v2 pulled 2026-09-23,2026-09-23T15:16:41+00:00,false,model-panel-v1,majority
NCT02862574,005cf3b3a9b74f6f6f6318fe52eede6e884478875963efc8c77cfb96c5a5dd2b,test,business,ctgov-api-v2 pulled 2026-09-23,2026-09-23T15:16:41+00:00,false,model-panel-v1,unanimous
NCT02872363,31bbbad2b64be9c5a19f6c9946ed8469f90c0c10d627502380fb48d26c022be2,test,administrative,ctgov-api-v2 pulled 2026-09-23,2026-09-23T15:16:41+00:00,false,model-panel-v1,unanimous
NCT02877966,a5d31b1388e52559faff6224ce45c457f971de113b3e5c12944d3710ec5eea4c,dev,administrative,ctgov-api-v2 pulled 2026-09-23,2026-09-23T15:16:41+00:00,false,model-panel-v1,unanimous
NCT02885545,3d1e73b865bbae9625ea06eb5b99e5351e046d9bdee7c0e30dbee44fe40d9904,test,accrual,ctgov-api-v2 pulled 2026-09-23,2026-09-23T15:16:41+00:00,false,model-panel-v1,unanimous
NCT02909257,cbe56570f65ba6fc3e5eaf13019a3c5abe2d61214211f7ee6000a9c3ed8733af,dev,other,ctgov-api-v2 pulled 2026-09-23,2026-09-23T15:16:41+00:00,false,model-panel-v1,unanimous
NCT02921737,750be04d23956319aaf79cc950739d55889c2cb1dbf74b61cd2e57dd3e39bfa2,test,accrual,ctgov-api-v2 pulled 2026-09-23,2026-09-23T15:16:41+00:00,false,model-panel-v1,unanimous
NCT02933684,5d259cd5209e17540dd3bd2929e84a59fec2fb27e570708347ca85c213433304,test,administrative,ctgov-api-v2 pulled 2026-09-23,2026-09-23T15:16:41+00:00,false,model-panel-v1,unanimous
NCT02945605,787f86c733182a2d9bb0825fc0053f2cd286940311dc7108be82690dd696e0ce,test,accrual,ctgov-api-v2 pulled 2026-09-23,2026-09-23T15:16:41+00:00,false,model-panel-v1,unanimous
NCT02946346,6803be7cd00a82e25769d5fc40039232dd35671eb2c47ba117bfcc989aecd752,test,covid19,ctgov-api-v2 pulled 2026-09-23,2026-09-23T15:16:41+00:00,false,model-panel-v1,unanimous
NCT02947100,9ae829e158ce7f143d383996f0a33389453d49274cb81d2a703827336d565e1e,test,administrative,ctgov-api-v2 pulled 2026-09-23,2026-09-23T15:16:41+00:00,false,model-panel-v1,unanimous
NCT02964325,5de4108ac59da4d1f56b79f691818b2fde3869fc39c22d654321404038ef277b,test,efficacy,ctgov-api-v2 pulled 2026-09-23,2026-09-23T15:16:41+00:00,false,model-panel-v1,unanimous
NCT02995642,32e64600656256c755863fcd737d454225d0eff581445b7abb3fd4f3d3fceceb,test,funding,ctgov-api-v2 pulled 2026-09-23,2026-09-23T15:16:41+00:00,false,model-panel-v1,unanimous
NCT02999633,2fb54039c9eb7f0dfad8bbb7e46a8f21e976af80b9e745a656a739c39cf62787,dev,safety,ctgov-api-v2 pulled 2026-09-23,2026-09-23T15:16:41+00:00,false,model-panel-v1,unanimous
NCT03040024,b02580c6ca43a6b3d64425cca1eb8f359dfe77a20cb370dac795eff153b49351,test,covid19,ctgov-api-v2 pulled 2026-09-23,2026-09-23T15:16:41+00:00,false,model-panel-v1,unanimous
NCT03041324,a440648bd3bde61304701446c76bc86bdd8fcbac7476d13db189b77edff53c69,dev,other,ctgov-api-v2 pulled 2026-09-23,2026-09-23T15:16:41+00:00,false,model-panel-v1,unanimous
NCT03075878,2aa292399480e3ac6ffb82610c6e4d994c4b8eb07fa9fef28a717ad08359529e,test,business,ctgov-api-v2 pulled 2026-09-23,2026-09-23T15:16:41+00:00,false,model-panel-v1,unanimous
NCT03083366,ba8861434d9effa4da0f1d63bd14337356ac5867f340b129dbae3a5790736e87,dev,accrual,ctgov-api-v2 pulled 2026-09-23,2026-09-23T15:16:41+00:00,false,model-panel-v1,unanimous
NCT03085641,52d6a3df107efc960c1716fdc8527e9016254d19567dfd16453246d82f47f970,test,safety,ctgov-api-v2 pulled 2026-09-23,2026-09-23T15:16:41+00:00,false,model-panel-v1,unanimous
NCT03113409,cd811cc4ffcf24da86ab90f548c08ac6f47078350ca4c4096497b6707d2e1543,test,funding,ctgov-api-v2 pulled 2026-09-23,2026-09-23T15:16:41+00:00,false,model-panel-v1,unanimous
NCT03120767,0554f42318b1bfe1710c38fa5f3f0a1232a8ed8f2f5991fb4f546e149326abd3,test,accrual,ctgov-api-v2 pulled 2026-09-23,2026-09-23T15:16:41+00:00,false,model-panel-v1,unanimous
NCT03126539,0518864b763b479e06ca886d4fb55f941b4605e82d0babbe284e0001fe79b6ca,test,administrative,ctgov-api-v2 pulled 2026-09-23,2026-09-23T15:16:41+00:00,false,model-panel-v1,unanimous
NCT03137576,45e3726596b9ba55201465671d781c2f0ed12f3deefc040017a1ada9846676d1,test,accrual,ctgov-api-v2 pulled 2026-09-23,2026-09-23T15:16:41+00:00,false,model-panel-v1,unanimous
NCT03158610,0067d6c089a6f73fbab5275530742d98f0bd3e7ae4fc8c044b5c4c49f816a303,dev,accrual,ctgov-api-v2 pulled 2026-09-23,2026-09-23T15:16:41+00:00,false,model-panel-v1,unanimous
NCT03173859,ef7c20db1bb241524c4321ba73affb6cafa6c72332bf01f40d7639554acd77ee,test,other,ctgov-api-v2 pulled 2026-09-23,2026-09-23T15:16:41+00:00,false,model-panel-v1,unanimous
NCT03179397,1a9e8805594c2fdc8811b1256c8f07413b240c625699b9ac3b7095ec09aaa2b6,test,accrual,ctgov-api-v2 pulled 2026-09-23,2026-09-23T15:16:41+00:00,false,model-panel-v1,unanimous
NCT03184805,8e36f84bdb190b7d64224357f8cd743033df1399b946ed59d8e547a97a32b197,test,accrual,ctgov-api-v2 pulled 2026-09-23,2026-09-23T15:16:41+00:00,false,model-panel-v1,unanimous
NCT03190798,f40da3f53b099f3027c0a72ae838dff354f9e189706feaf437c6b14226baa405,dev,administrative,ctgov-api-v2 pulled 2026-09-23,2026-09-23T15:16:41+00:00,false,model-panel-v1,unanimous
NCT03192514,318f450291e95743987de00c4a2415a140dc02cbfa03e45ff73909454780ee47,test,accrual,ctgov-api-v2 pulled 2026-09-23,2026-09-23T15:16:41+00:00,false,model-panel-v1,unanimous
NCT03201445,e13d9f88aa7a80efc4f1c94de0cded604d56c18dcbbead73984702ec7df73adf,test,other,ctgov-api-v2 pulled 2026-09-23,2026-09-23T15:16:41+00:00,false,model-panel-v1,unanimous
NCT03205046,0a64cf1fb2d848639965d7b878a6ce5ba05700927a84fff72d34fa949dc65094,test,business,ctgov-api-v2 pulled 2026-09-23,2026-09-23T15:16:41+00:00,false,model-panel-v1,unanimous
NCT03236285,14adc21415299ed5be0f0cfb13ec1898241b55b05f195f297b22af6df30ad168,test,administrative,ctgov-api-v2 pulled 2026-09-23,2026-09-23T15:16:41+00:00,false,model-panel-v1,unanimous
NCT03259932,e4c1aca76ad045faa9f27a38aea5b138bdfbf8976441a26ac7db303225b3bbe4,test,accrual,ctgov-api-v2 pulled 2026-09-23,2026-09-23T15:16:41+00:00,false,model-panel-v1,unanimous
NCT03270722,e20e9ce4f695eb7aa946d5bec906ffa12f8ed1a5f32774b9b29adaa3a4a0c2b3,test,administrative,ctgov-api-v2 pulled 2026-09-23,2026-09-23T15:16:41+00:00,false,model-panel-v1,unanimous
NCT03281369,b8b08ae6e882d55ba25db49b4d5835c83572be5e8d0859271d2eb0c012b3ca0d,test,business,ctgov-api-v2 pulled 2026-09-23,2026-09-23T15:16:41+00:00,false,model-panel-v1,unanimous
NCT03299387,c9025f1377adc3437a79c51970735a6f5399b7efdf0635fe884624c6fa95dc21,dev,accrual,ctgov-api-v2 pulled 2026-09-23,2026-09-23T15:16:41+00:00,false,model-panel-v1,unanimous
NCT03300362,8b4966e06a7613bfff1f1d16bcf1cbd6fff8142bc7ee5ba1f1c7e18d3d4986f3,test,other,ctgov-api-v2 pulled 2026-09-23,2026-09-23T15:16:41+00:00,false,model-panel-v1,unanimous
NCT03301701,9f0863e235282b61b1c62bfdeaecbf8fe9dd1ce53ac24f272e056418cc8ae1ee,test,accrual,ctgov-api-v2 pulled 2026-09-23,2026-09-23T15:16:41+00:00,false,model-panel-v1,unanimous
NCT03327519,28caa26bb037cce1fc20a8ca512d2e06597d77bf5300bbff3e9d5b340abcd777,dev,accrual,ctgov-api-v2 pulled 2026-09-23,2026-09-23T15:16:41+00:00,false,model-panel-v1,unanimous
NCT03338777,4fc55941f9b5444cdb70d3ff246a2199e941ab9fd0af314dea28739735318a6a,test,efficacy,ctgov-api-v2 pulled 2026-09-23,2026-09-23T15:16:41+00:00,false,model-panel-v1,unanimous
NCT03342950,0999eea48db9c1bdc2385c8c0370f27d6bc6617c343073b4e894577dbfbcd4b9,test,covid19,ctgov-api-v2 pulled 2026-09-23,2026-09-23T15:16:41+00:00,false,model-panel-v1,unanimous
NCT03343600,01bf56ce963efbc897123b252fc0b13ed63e36a358d2380ed37bc5f5b3ea2f0b,dev,accrual,ctgov-api-v2 pulled 2026-09-23,2026-09-23T15:16:41+00:00,false,model-panel-v1,unanimous
NCT03420222,828552a06c741786a97d627111f951b90a5a057cd545b67a3f1ad815c4cfaa53,test,accrual,ctgov-api-v2 pulled 2026-09-23,2026-09-23T15:16:41+00:00,false,model-panel-v1,unanimous
NCT03438851,d10fdfb3a8fbf0afeb74db0021c17f048cb06ef0748d1f0ccdbd6a68e06e7796,test,other,ctgov-api-v2 pulled 2026-09-23,2026-09-23T15:16:41+00:00,false,model-panel-v1,unanimous
NCT03439046,31fc1efafe86a367a28065404471b6b954eda27625376b57b6fe037154eed74a,test,other,ctgov-api-v2 pulled 2026-09-23,2026-09-23T15:16:41+00:00,false,model-panel-v1,unanimous
NCT03462004,fa72fe2248ec8fefbb1cb0c01bb2de0aeab2f9b70ffc89209e0b4087c043fe3f,test,covid19,ctgov-api-v2 pulled 2026-09-23,2026-09-23T15:16:41+00:00,false,model-panel-v1,unanimous
NCT03468894,f963677473438c74d1f4c455053281b6c009e339e388a8532e04010ff767a947,test,funding,ctgov-api-v2 pulled 2026-09-23,2026-09-23T15:16:41+00:00,false,model-panel-v1,unanimous
NCT03471351,a3e446f4f390bf6b388ea93072937ed3afffb62a9062e1dd214f670acbf9f9ff,test,business,ctgov-api-v2 pulled 2026-09-23,2026-09-23T15:16:41+00:00,false,model-panel-v1,unanimous
NCT03472183,dacc48cbc8e5b1c6ab90a6b4370b272cf637f1e809673084173f6f67c81c2e41,dev,accrual,ctgov-api-v2 pulled 2026-09-23,2026-09-23T15:16:41+00:00,false,model-panel-v1,unanimous
NCT03508479,6a867d5caebbfda3ecb43acb0248649924f56c6ec93d841cafb34a9db999e92d,test,funding,ctgov-api-v2 pulled 2026-09-23,2026-09-23T15:16:41+00:00,false,model-panel-v1,unanimous
NCT03519178,de3d97fecb943af1eddccb32807dc438bb14384ef7804df75b156e36a1061cf4,test,business,ctgov-api-v2 pulled 2026-09-23,2026-09-23T15:16:41+00:00,false,model-panel-v1,unanimous
NCT03529162,b8d04e3e04d230fca22c679c6f9fb33a0c2b03b3fc81391553092d2e6c2d9023,test,covid19,ctgov-api-v2 pulled 2026-09-23,2026-09-23T15:16:41+00:00,false,model-panel-v1,unanimous
NCT03535584,7812737d3c2ccef82994d4ea30457a198b9f354eed0b0f54cf4c5ca958ea4a48,test,covid19,ctgov-api-v2 pulled 2026-09-23,2026-09-23T15:16:41+00:00,false,model-panel-v1,unanimous
NCT03552549,5cb20cdf2639cc729bc5168581d19ea97730cb2b3394ed40c385e5da03109461,dev,accrual,ctgov-api-v2 pulled 2026-09-23,2026-09-23T15:16:41+00:00,false,model-panel-v1,unanimous
NCT03576547,d7e109671cb577bf0a50e91534ee37afedfe2da9dabafc9e0c132cde37e1777e,test,accrual,ctgov-api-v2 pulled 2026-09-23,2026-09-23T15:16:41+00:00,false,model-panel-v1,unanimous
NCT03594045,2488b1765db1cdb0a45291bbb5b0c53cd21bb98f34fafb9ef24aaf62320ae31e,dev,funding,ctgov-api-v2 pulled 2026-09-23,2026-09-23T15:16:41+00:00,false,model-panel-v1,unanimous
NCT03642457,c00090ab9282017f09c3f68ff2652730f17dc3da4589dfa8c456a73826083263,test,administrative,ctgov-api-v2 pulled 2026-09-23,2026-09-23T15:16:41+00:00,false,model-panel-v1,unanimous
NCT03643562,db504b8a3783f9405c8d45b54d8daa9764233a3d757b592d824e105a45186085,test,safety,ctgov-api-v2 pulled 2026-09-23,2026-09-23T15:16:41+00:00,false,model-panel-v1,majority
NCT03646461,9e4e33f04dc734db8090767aaa7257807cd6cce8552c68204f4f0f2e7ff0096e,test,other,ctgov-api-v2 pulled 2026-09-23,2026-09-23T15:16:41+00:00,false,model-panel-v1,unanimous
NCT03658239,789face0c86aee9db9ee3c1627bb026f93c2588c8e8099e11f00be0b070c4b50,test,administrative,ctgov-api-v2 pulled 2026-09-23,2026-09-23T15:16:41+00:00,false,model-panel-v1,unanimous
NCT03661229,87138c8f40b4ff232b21d7a0682653c1d3b0258f1859be5b27109d01eb181157,test,other,ctgov-api-v2 pulled 2026-09-23,2026-09-23T15:16:41+00:00,false,model-panel-v1,majority
NCT03669692,2aa65e47677ae79a3d42dcb96179a44aa756880680a25f6b0ef47c934ff4209d,dev,accrual,ctgov-api-v2 pulled 2026-09-23,2026-09-23T15:16:41+00:00,false,model-panel-v1,unanimous
NCT03670550,69f7ab2db27c7ad410122fbf8293a8ed7c333733afe28b528c88cc77997df788,test,administrative,ctgov-api-v2 pulled 2026-09-23,2026-09-23T15:16:41+00:00,false,model-panel-v1,unanimous
NCT03681314,aa8ed5cae7140e4386a38223a40d4875631d077b10b694fa3520ca9bee44ba21,dev,funding,ctgov-api-v2 pulled 2026-09-23,2026-09-23T15:16:41+00:00,false,model-panel-v1,unanimous
NCT03692975,d416b43e77617e835f0a30593b4c9065c27f7a9b6530a1392662aabb597dabce,test,accrual,ctgov-api-v2 pulled 2026-09-23,2026-09-23T15:16:41+00:00,false,model-panel-v1,unanimous
NCT03705169,f9ef7230965dda7e6e089dda0edb60426f3260c8a42283f2cb58cc8dfaddd37c,test,accrual,ctgov-api-v2 pulled 2026-09-23,2026-09-23T15:16:41+00:00,false,model-panel-v1,unanimous
NCT03707236,51fb0847d69dd4745fa4f87489f7b3d90504dcb0e296837e08bd1c6bb4cf892a,test,covid19,ctgov-api-v2 pulled 2026-09-23,2026-09-23T15:16:41+00:00,false,model-panel-v1,unanimous
NCT03714880,dd42f5caa95de369f360c37f3224b2dbded111b7145ac0693ccd37b3f8f6cf87,test,accrual,ctgov-api-v2 pulled 2026-09-23,2026-09-23T15:16:41+00:00,false,model-panel-v1,unanimous
NCT03736343,a4f1828b31881a213bd9aff08c5fe303630debe102d5a67e2e32877578399a08,test,covid19,ctgov-api-v2 pulled 2026-09-23,2026-09-23T15:16:41+00:00,false,model-panel-v1,unanimous
NCT03746431,62a302b4f5a6391ca3d7349fe35bb0e4810c8136301a48e229bc4f2e2fe8175f,dev,business,ctgov-api-v2 pulled 2026-09-23,2026-09-23T15:16:41+00:00,false,model-panel-v1,unanimous
NCT03751904,dcdda1a7690c0f7d5dc707c84b7fed70d6603a86e8d199b078ae3f4a4ad39dca,test,business,ctgov-api-v2 pulled 2026-09-23,2026-09-23T15:16:41+00:00,false,model-panel-v1,unanimous
NCT03768401,7385a308491917714d4283fcf0a080c12aa5a8c116c325ca6e0959d51590a953,test,funding,ctgov-api-v2 pulled 2026-09-23,2026-09-23T15:16:41+00:00,false,model-panel-v1,unanimous
NCT03777956,906d923e6720f3b8a32b21e16b8714858aba342ebdf6d2d77f8a6bc52394bd71,test,covid19,ctgov-api-v2 pulled 2026-09-23,2026-09-23T15:16:41+00:00,false,model-panel-v1,unanimous
NCT03778749,fec3c806d886271f5c5354dd77cdfd546ec6fcd69f05bb8aed40a63943c36d14,dev,other,ctgov-api-v2 pulled 2026-09-23,2026-09-23T15:16:41+00:00,false,model-panel-v1,unanimous
NCT03787511,736b1d88232f3860f29900f8cba14b0aaa0d2982ac312a20d9e4cf9af8961a85,test,accrual,ctgov-api-v2 pulled 2026-09-23,2026-09-23T15:16:41+00:00,false,model-panel-v1,unanimous
NCT03792360,5fcb7e265a23a5443c8a25d99b51e80e9fc50ad38c109eaf8966d134efdeafd9,test,accrual,ctgov-api-v2 pulled 2026-09-23,2026-09-23T15:16:41+00:00,false,model-panel-v1,unanimous
NCT03801889,87d397262bb27b8ce518e5bcde5b18981339f4659ae8eede6f5e02b16b52521b,test,other,ctgov-api-v2 pulled 2026-09-23,2026-09-23T15:16:41+00:00,false,model-panel-v1,unanimous
NCT03809117,2d362184c8bfd197116ec42c41e58a3cc42465dd651e471ae6a25804c7d9a6ac,test,covid19,ctgov-api-v2 pulled 2026-09-23,2026-09-23T15:16:41+00:00,false,model-panel-v1,unanimous
NCT03821896,3517f165bdd2fc2f311b09458d67dcf8c8f04adf6424d3ad98b781fe13a0cd76,test,covid19,ctgov-api-v2 pulled 2026-09-23,2026-09-23T15:16:41+00:00,false,model-panel-v1,unanimous
NCT03825783,84f4313c4a1c500126e9de0b90909554a81b7370f2ebc71f3f52569519c66fc5,test,other,ctgov-api-v2 pulled 2026-09-23,2026-09-23T15:16:41+00:00,false,model-panel-v1,unanimous
NCT03844932,a29714dbb3452288802e5e5d539756a8ba3d0d6729ec6f044dd91e04e728c5ba,test,efficacy,ctgov-api-v2 pulled 2026-09-23,2026-09-23T15:16:41+00:00,false,model-panel-v1,unanimous
NCT03849456,458ec226a3f4da07748bb1d4f5b9be917471368437e982f6d7dc282e2e933275,test,covid19,ctgov-api-v2 pulled 2026-09-23,2026-09-23T15:16:41+00:00,false,model-panel-v1,unanimous
NCT03862248,3933bd9b2eda9efb9ee13414d571aa8885be691e75fd0f3bf57507b0ccf678bd,test,administrative,ctgov-api-v2 pulled 2026-09-23,2026-09-23T15:16:41+00:00,false,model-panel-v1,adjudicated
NCT03877094,f2e904bdb5cca9a1e585546a36eff97bbfcb01b5945aecdac86c4f3a0766a028,dev,covid19,ctgov-api-v2 pulled 2026-09-23,2026-09-23T15:16:41+00:00,false,model-panel-v1,unanimous
NCT03902379,799c240143d4b80cea2007821509608173e7fbbdc801b9ba6881092405796734,test,other,ctgov-api-v2 pulled 2026-09-23,2026-09-23T15:16:41+00:00,false,model-panel-v1,unanimous
NCT03905083,927b541ff291db5e70179fdf61bcf66a93b9d8bb8d33a596f0a475041f36161e,dev,administrative,ctgov-api-v2 pulled 2026-09-23,2026-09-23T15:16:41+00:00,false,model-panel-v1,unanimous
NCT03905109,1e803e56cdcf95d526c8991c32f39dd68ffe7f8f7a50f6e118be1e48616b5f99,dev,other,ctgov-api-v2 pulled 2026-09-23,2026-09-23T15:16:41+00:00,false,model-panel-v1,unanimous
NCT03912428,b5296e6ac34f6d5caf3128cb4f625810700f11952f152593809054fd0baac29a,test,accrual,ctgov-api-v2 pulled 2026-09-23,2026-09-23T15:16:41+00:00,false,model-panel-v1,majority
NCT03919175,026dc64545b35801c60e525b1280b61efad3e5f0f0e542049f9c5a6ad54311ed,test,business,ctgov-api-v2 pulled 2026-09-23,2026-09-23T15:16:41+00:00,false,model-panel-v1,unanimous
NCT03924908,17ef0244b8b6f0757369437c640479d81ae2d2ac448aeef6279e262765dd2669,test,administrative,ctgov-api-v2 pulled 2026-09-23,2026-09-23T15:16:41+00:00,false,model-panel-v1,unanimous
NCT03937908,6c692f6d68058ead4c50c7df5a8ed7ffaedfa6608795763414faa26eec802418,test,covid19,ctgov-api-v2 pulled 2026-09-23,2026-09-23T15:16:41+00:00,false,model-panel-v1,unanimous
NCT03956550,cfc4fad7b346e8513a33b4bff482075b0c75895166226f341b20c68a91eaac24,test,business,ctgov-api-v2 pulled 2026-09-23,2026-09-23T15:16:41+00:00,false,model-panel-v1,unanimous
NCT03976050,d2a5d288d995b710ee4f48ffb1fae9387c54ff800880dc6501372f3ac559f32a,test,other,ctgov-api-v2 pulled 2026-09-23,2026-09-23T15:16:41+00:00,false,model-panel-v1,unanimous
NCT04003818,c347e164b4aad8d86be828942848186e0ee1c230fd7832c52dcedc4997477912,test,covid19,ctgov-api-v2 pulled 2026-09-23,2026-09-23T15:16:41+00:00,false,model-panel-v1,unanimous
NCT04011891,1c0d2fc897dbfa6358fc22e89b660926e87f54de090b3c51a4d92b787245c06e,dev,other,ctgov-api-v2 pulled 2026-09-23,2026-09-23T15:16:41+00:00,false,model-panel-v1,unanimous
NCT04022915,ab83db0487569fbee6baff7ebed3ee4b94f1781ce9ea19bb797b5b5c2eb48813,dev,accrual,ctgov-api-v2 pulled 2026-09-23,2026-09-23T15:16:41+00:00,false,model-panel-v1,unanimous
NCT04024436,fe4f576e35f8c9622955d5c2dddb93953fce9bc2b5e702373c943a0685ca67c2,test,business,ctgov-api-v2 pulled 2026-09-23,2026-09-23T15:16:41+00:00,false,model-panel-v1,unanimous
NCT04034446,ced502fd059f1d9cc0a7bb7498b94015e3f600003c98c278b5bad3d74989dca3,test,business,ctgov-api-v2 pulled 2026-09-23,2026-09-23T15:16:41+00:00,false,model-panel-v1,unanimous
NCT04045730,36d0c52b2833b7da6fa629e4871b66b321a03429ead1e7cee98c7a58f7b38b97,dev,business,ctgov-api-v2 pulled 2026-09-23,2026-09-23T15:16:41+00:00,false,model-panel-v1,unanimous
NCT04056299,eb6d6ef4ab2f5f88e4742e756aa21f790f30ed2f62c4cd4f1f2e9b997d8480e1,dev,accrual,ctgov-api-v2 pulled 2026-09-23,2026-09-23T15:16:41+00:00,false,model-panel-v1,unanimous
NCT04073472,a5a2ef879ff33fbf8e2b8988578fdd03f0b4af0d27092d460fd288658ab90464,test,other,ctgov-api-v2 pulled 2026-09-23,2026-09-23T15:16:41+00:00,false,model-panel-v1,unanimous
NCT04110249,b37547d28e58b094542266347004250e9281ed40958c8e1d8737b054927881c0,test,administrative,ctgov-api-v2 pulled 2026-09-23,2026-09-23T15:16:41+00:00,false,model-panel-v1,unanimous
NCT04148261,6adf4b8b0c02d5263bbdf1e8cf2c9bba39c79b1238c0d9d4877c3a670b4cc65c,test,administrative,ctgov-api-v2 pulled 2026-09-23,2026-09-23T15:16:41+00:00,false,model-panel-v1,unanimous
NCT04153786,de451c6e92e1a47b9a6446c7745eec9b5da2a4a35bf10cb7aba0c34c71216ff0,dev,administrative,ctgov-api-v2 pulled 2026-09-23,2026-09-23T15:16:41+00:00,false,model-panel-v1,unanimous
NCT04167072,76ca5af22d8682ecad22149f54635bfc3826a5aa417ddea51c403c01783a3884,test,accrual,ctgov-api-v2 pulled 2026-09-23,2026-09-23T15:16:41+00:00,false,model-panel-v1,unanimous
NCT04171388,77b8b9cbf3424fbc031bd469cde08e92d8451bc67b719594bed4805761476fda,test,covid19,ctgov-api-v2 pulled 2026-09-23,2026-09-23T15:16:41+00:00,false,model-panel-v1,unanimous
NCT04203056,2c27e22393b0b6bb8d39814e9a3f4fdc96512ab59c7908be66f727243e084191,test,funding,ctgov-api-v2 pulled 2026-09-23,2026-09-23T15:16:41+00:00,false,model-panel-v1,unanimous
NCT04203901,dd59ee0565c0b5506445e5881967ee18d5cbb4a0c3c29e56fa554fc536e4f4a8,test,business,ctgov-api-v2 pulled 2026-09-23,2026-09-23T15:16:41+00:00,false,model-panel-v1,unanimous
NCT04217304,e8e563229faf5f0c58775aa68916a7850982d3d2f8c9fe00b9a0de750a344919,test,efficacy,ctgov-api-v2 pulled 2026-09-23,2026-09-23T15:16:41+00:00,false,model-panel-v1,unanimous
NCT04228042,106c0ca5eb485b7fa1a288f116088e7a4fec3f3601b7c1347805bc250c3b3536,dev,business,ctgov-api-v2 pulled 2026-09-23,2026-09-23T15:16:41+00:00,false,model-panel-v1,unanimous
NCT04248491,67c94d9c3e560ec6a93ff043f06b77752534abb7b051a92bdce185d381575150,dev,accrual,ctgov-api-v2 pulled 2026-09-23,2026-09-23T15:16:41+00:00,false,model-panel-v1,unanimous
NCT04258020,ca11b5dd5a541f7dbd30d3481ee24366f94b68311349d11c95e1311c0de4b5dd,test,covid19,ctgov-api-v2 pulled 2026-09-23,2026-09-23T15:16:41+00:00,false,model-panel-v1,unanimous
NCT04273269,df98f0a272c22e176d06f2da5ef2b7364559b6511c880c4e962fb1a4c582e04e,test,business,ctgov-api-v2 pulled 2026-09-23,2026-09-23T15:16:41+00:00,false,model-panel-v1,unanimous
NCT04285905,cc0f4589dd82cba54bb6c34cfcfa66f1cf7a4c6bdb833544a971af1119ae4b12,test,covid19,ctgov-api-v2 pulled 2026-09-23,2026-09-23T15:16:41+00:00,false,model-panel-v1,unanimous
NCT04316481,239ff99d372a0c7a17c65b3a4f51ed1c2823505c0faf153780d351a0b86b89a1,test,other,ctgov-api-v2 pulled 2026-09-23,2026-09-23T15:16:41+00:00,false,model-panel-v1,unanimous
NCT04329442,2cf5f8fe39c86e67246e66d3174cad1e749b61072233358846a8d3748b9d1f4e,test,covid19,ctgov-api-v2 pulled 2026-09-23,2026-09-23T15:16:41+00:00,false,model-panel-v1,unanimous
NCT04339816,9fb7dcd1b7e867d26d0912f3945a52fe2ec6070f3fb995b2910ed64413659d7c,dev,other,ctgov-api-v2 pulled 2026-09-23,2026-09-23T15:16:41+00:00,false,model-panel-v1,unanimous
NCT04368130,d92f286921d7433e96cb4afbb3d0ba186a4ddb0b5fe720600b603e05522a1425,test,administrative,ctgov-api-v2 pulled 2026-09-23,2026-09-23T15:16:41+00:00,false,model-panel-v1,unanimous
NCT04374786,b1ac6c5d36e69fe0e53764f650d538349baacf8abdc657e89c57c2d82b971ac5,test,accrual,ctgov-api-v2 pulled 2026-09-23,2026-09-23T15:16:41+00:00,false,model-panel-v1,unanimous
NCT04374942,d2a244079c83aa3294062ecf7bafc130256f1f1e26a1d068c286129a52730619,dev,safety,ctgov-api-v2 pulled 2026-09-23,2026-09-23T15:16:41+00:00,false,model-panel-v1,majority
NCT04398420,1001963eca91d54b9922b8fe5de8550be4fc7b1b9a0e2bb6fd835f948d8a9770,dev,accrual,ctgov-api-v2 pulled 2026-09-23,2026-09-23T15:16:41+00:00,false,model-panel-v1,unanimous
NCT04405167,6bbe1b45ea406da6d0617f22006a748b2729ac89780115f2deec5836e9153b61,dev,accrual,ctgov-api-v2 pulled 2026-09-23,2026-09-23T15:16:41+00:00,false,model-panel-v1,unanimous
NCT04406766,f006d730300b7730e6ae4815e57b4eb106e17964b602de031ef2878523924cba,test,covid19,ctgov-api-v2 pulled 2026-09-23,2026-09-23T15:16:41+00:00,false,model-panel-v1,majority
NCT04436198,048bdadc43a030a1d84022f034428e3939c58f0a517526b24a7dd8710f1119b9,dev,other,ctgov-api-v2 pulled 2026-09-23,2026-09-23T15:16:41+00:00,false,model-panel-v1,unanimous
NCT04486222,7efb53c0a02224ce5aba8c35dca3c5adf8825e19dbbcf530ca8b15f63dc76ed8,test,accrual,ctgov-api-v2 pulled 2026-09-23,2026-09-23T15:16:41+00:00,false,model-panel-v1,unanimous
NCT04496557,576405ae8c8175cbdcc81a68f71dde5a9f0cc1cbf3cd0b8359d76f1cf5dd0b4a,test,administrative,ctgov-api-v2 pulled 2026-09-23,2026-09-23T15:16:41+00:00,false,model-panel-v1,unanimous
NCT04515329,9291050f63732bbfb2b2067408ca2ff077a65151709d3de01720c7a9868ac641,test,other,ctgov-api-v2 pulled 2026-09-23,2026-09-23T15:16:41+00:00,false,model-panel-v1,unanimous
NCT04539275,b1a8b9d4cf9d5a0f86c268e30a51ddc1125b42a9026198766a28ab5ac829d31a,test,other,ctgov-api-v2 pulled 2026-09-23,2026-09-23T15:16:41+00:00,false,model-panel-v1,unanimous
NCT04549129,15502252325130a90b0c326405d731e1a7f2794c360b62d82a30e2f9a5125e4c,test,covid19,ctgov-api-v2 pulled 2026-09-23,2026-09-23T15:16:41+00:00,false,model-panel-v1,unanimous
NCT04551092,7985a81b07e03c0d01342ddfa4dbc3879f9eb1797bcadb48514caf1383b9c0dd,test,funding,ctgov-api-v2 pulled 2026-09-23,2026-09-23T15:16:41+00:00,false,model-panel-v1,majority
NCT04554459,02a81683bccda54d6248e9cdc4898328af2bf4666fa0a888b42cb2204f214a91,dev,accrual,ctgov-api-v2 pulled 2026-09-23,2026-09-23T15:16:41+00:00,false,model-panel-v1,unanimous
NCT04555135,5115ee8ba7b67d8a7699732e4ffddff550af20c7b87e8900438e8c5ce4aebc0c,test,other,ctgov-api-v2 pulled 2026-09-23,2026-09-23T15:16:41+00:00,false,model-panel-v1,unanimous
NCT04561414,325bc2098647b81f5e57eb2a30edf97dc20eadd2e3d5881564c138df3fa8a881,dev,other,ctgov-api-v2 pulled 2026-09-23,2026-09-23T15:16:41+00:00,false,model-panel-v1,unanimous
NCT04569461,fe495a361be72c6de87d4d8be2b1677b4da469431f4a894cb13af2dafd1e19bd,test,funding,ctgov-api-v2 pulled 2026-09-23,2026-09-23T15:16:41+00:00,false,model-panel-v1,unanimous
NCT04570956,325d01c66cd1b5b5a332cde522f420b5489ad2e171fc498b20ccbc57744e9d95,dev,funding,ctgov-api-v2 pulled 2026-09-23,2026-09-23T15:16:41+00:00,false,model-panel-v1,unanimous
NCT04575558,ab8d1799299f2c8dd2f6057d466a2e0ae7350881baa5e9a0f234c592bd409898,dev,administrative,ctgov-api-v2 pulled 2026-09-23,2026-09-23T15:16:41+00:00,false,model-panel-v1,unanimous
NCT04582799,0f7f62c0c416921c2c480781a7346a0d64cef0cad70a46ad0c32a2778b2a6035,test,accrual,ctgov-api-v2 pulled 2026-09-23,2026-09-23T15:16:41+00:00,false,model-panel-v1,unanimous
NCT04592991,48e6b84537501acd1333ff691eef83e89f62d51a6ce1e6b54a106879fa9c36b8,test,accrual,ctgov-api-v2 pulled 2026-09-23,2026-09-23T15:16:41+00:00,false,model-panel-v1,unanimous
NCT04594031,6a121823fb6c2fd210e0880226e126c51791cb333cc68c465d69a6abd25e7db1,test,other,ctgov-api-v2 pulled 2026-09-23,2026-09-23T15:16:41+00:00,false,model-panel-v1,unanimous
NCT04595890,a27b855ecd13b87f91df476315bc35d70d9a2175415166dc04e8b96afdf7880d,dev,funding,ctgov-api-v2 pulled 2026-09-23,2026-09-23T15:16:41+00:00,false,model-panel-v1,unanimous
NCT04610827,aa5caae7eeaf23d30e47ce992871800023e57c8fb7b12a1b7d47ca894dd0eef9,dev,administrative,ctgov-api-v2 pulled 2026-09-23,2026-09-23T15:16:41+00:00,false,model-panel-v1,unanimous
NCT04614766,dc14b83744b9e4668d92ec4ec2fcb3ee4e411d115d38cfe040bfe1b88b16827d,test,administrative,ctgov-api-v2 pulled 2026-09-23,2026-09-23T15:16:41+00:00,false,model-panel-v1,majority
NCT04630639,5f0a2dc1036791b3825d583c90db1a7492fae1a17bbdf216c2a621cb099bf2a0,dev,business,ctgov-api-v2 pulled 2026-09-23,2026-09-23T15:16:41+00:00,false,model-panel-v1,unanimous
NCT04634838,bb811a2caaef2075b20dd75e6475c46293fae1d97e20407fc1cb58551e586337,dev,efficacy,ctgov-api-v2 pulled 2026-09-23,2026-09-23T15:16:41+00:00,false,model-panel-v1,unanimous
NCT04657718,feb1a181b283333f3478aeb843f33bf79947cc96f042cdbe9f7fac08eed7dc3f,test,business,ctgov-api-v2 pulled 2026-09-23,2026-09-23T15:16:41+00:00,false,model-panel-v1,unanimous
NCT04677829,c3c6bd66ecb7feb0499d780b523119b30214e39573e3080cc8fb639a832ab5e9,dev,administrative,ctgov-api-v2 pulled 2026-09-23,2026-09-23T15:16:41+00:00,false,model-panel-v1,unanimous
NCT04770051,7905679efeddc7b7691df70ab8003826e4cd961a10a3944f9da08abd90c1dde7,test,funding,ctgov-api-v2 pulled 2026-09-23,2026-09-23T15:16:41+00:00,false,model-panel-v1,unanimous
NCT04811287,1b36d49121a1116d92e45d48fbbcc6c894051a16386c7fbd3e7f72263383c4b4,dev,accrual,ctgov-api-v2 pulled 2026-09-23,2026-09-23T15:16:41+00:00,false,model-panel-v1,unanimous
NCT04822298,7424f38e49af4ef939aaba2f75d21aafbd890200bd646062be85ff519beaf04a,dev,business,ctgov-api-v2 pulled 2026-09-23,2026-09-23T15:16:41+00:00,false,model-panel-v1,unanimous
NCT04855370,5e39e72aaa13d1f988e40188f889e3eaefc539a243b21db35640e9a8a470b837,test,administrative,ctgov-api-v2 pulled 2026-09-23,2026-09-23T15:16:41+00:00,false,model-panel-v1,unanimous
NCT04855708,2b9b5be1dded933c976f63d7f192d86f4a5ad9a41825b3338457ad1485d4e5c6,test,other,ctgov-api-v2 pulled 2026-09-23,2026-09-23T15:16:41+00:00,false,model-panel-v1,unanimous
NCT04883138,9e2f180544364dc83fa489a17abc1adec7e7cea7bb7643e72f4f3addc1072fc4,test,business,ctgov-api-v2 pulled 2026-09-23,2026-09-23T15:16:41+00:00,false,model-panel-v1,unanimous
NCT04902274,1456bd1454e8ea2564136c556c43e97f0736441670e7c5df7e7bfdc285da4a75,dev,administrative,ctgov-api-v2 pulled 2026-09-23,2026-09-23T15:16:41+00:00,false,model-panel-v1,unanimous
NCT04912726,0aa3f9077053f6a85346601fdf79da3a296b1e2dd07a19949edf7d0cf34b75f9,test,funding,ctgov-api-v2 pulled 2026-09-23,2026-09-23T15:16:41+00:00,false,model-panel-v1,unanimous
NCT04913675,27f0f671541a36da4d7ff21b646e9904d9ff060c40f8a9123fdba59678b420bd,dev,efficacy,ctgov-api-v2 pulled 2026-09-23,2026-09-23T15:16:41+00:00,false,model-panel-v1,unanimous
NCT04925206,3de76f9f04eae48f2f7399495a503fb72037942afb9c5470b717287f967fc060,test,business,ctgov-api-v2 pulled 2026-09-23,2026-09-23T15:16:41+00:00,false,model-panel-v1,unanimous
NCT04929678,125a9c7f433304977e8853640542755d5c55300af6131c83f7901cff19e0c9a3,test,other,ctgov-api-v2 pulled 2026-09-23,2026-09-23T15:16:41+00:00,false,model-panel-v1,unanimous
NCT04941703,67591ae99d8b0fa12ee899ed5e882a9116e5041978489ff211ed69c5260cefbb,test,accrual,ctgov-api-v2 pulled 2026-09-23,2026-09-23T15:16:41+00:00,false,model-panel-v1,unanimous
NCT04980001,fe55bd7351e1cd1e0cae62661e8453b2ea162bdccbe7f834526ac224bf387fb9,test,administrative,ctgov-api-v2 pulled 2026-09-23,2026-09-23T15:16:41+00:00,false,model-panel-v1,majority
NCT05003102,82db40005d441d3c5f26820ad58c6664e51d4d0e07ee7926207b1b99988235bd,test,accrual,ctgov-api-v2 pulled 2026-09-23,2026-09-23T15:16:41+00:00,false,model-panel-v1,majority
NCT05041114,e5b21fffaec83079c8f2fd8b3f5de95b29f075f076e97b2d5963e6e020937fce,test,administrative,ctgov-api-v2 pulled 2026-09-23,2026-09-23T15:16:41+00:00,false,model-panel-v1,unanimous
NCT05074433,27158eff547f66c0cf2f62cbcfb46ad5b73e437b604dd2491894e93efeec7315,test,efficacy,ctgov-api-v2 pulled 2026-09-23,2026-09-23T15:16:41+00:00,false,model-panel-v1,unanimous
NCT05079126,ed7f9cbb173eb03714b356ad36861a391efeecb2a16705e22b7d12fe192ffec6,test,business,ctgov-api-v2 pulled 2026-09-23,2026-09-23T15:16:41+00:00,false,model-panel-v1,unanimous
NCT05148234,fd43b1983653e52aef50eece62202e9d1b2a97ca8fcbe020fb8d1d48c04fe4dc,test,business,ctgov-api-v2 pulled 2026-09-23,2026-09-23T15:16:41+00:00,false,model-panel-v1,unanimous
NCT05199090,1baab8e2124baf2bdb71ccaed20bed5aca8a42b5bd35e5c13403d937357b5f13,test,efficacy,ctgov-api-v2 pulled 2026-09-23,2026-09-23T15:16:41+00:00,false,model-panel-v1,unanimous
NCT05225818,3cdf2a2438364e46b87c1ec29df824bcf54a81abf31a49126a11d6382c7167c1,test,other,ctgov-api-v2 pulled 2026-09-23,2026-09-23T15:16:41+00:00,false,model-panel-v1,unanimous
NCT05251233,724a8e413f49133fd3f84a7db99b1f949d98bf4ca87f4d6252e5263b4f8b4ffd,test,other,ctgov-api-v2 pulled 2026-09-23,2026-09-23T15:16:41+00:00,false,model-panel-v1,unanimous
NCT05280990,ccf32faf7a0a16e889381b82a522b8f685378cb6eceab4025b0e1042ee048069,test,other,ctgov-api-v2 pulled 2026-09-23,2026-09-23T15:16:41+00:00,false,model-panel-v1,unanimous
NCT05289986,9f5dbac0cefa1f0e125e7445dd205768602b8ac79be92fa0e8f3d409cf195df9,test,accrual,ctgov-api-v2 pulled 2026-09-23,2026-09-23T15:16:41+00:00,false,model-panel-v1,unanimous
NCT05293340,a2f2c755833bd964f1d8a693c5cc672d5bf44f5b1b20e8c6f3a76fa8550f8b54,test,business,ctgov-api-v2 pulled 2026-09-23,2026-09-23T15:16:41+00:00,false,model-panel-v1,unanimous
NCT05357027,ecc81d478d2d1411c02c9ae17d46cd2c4234768442c81631255ec2c5cc1f7965,dev,business,ctgov-api-v2 pulled 2026-09-23,2026-09-23T15:16:41+00:00,false,model-panel-v1,unanimous
NCT05413590,cd0acabee24f17252213531869b1e120f8fa401fe8bf727f99a369b99e157edd,dev,accrual,ctgov-api-v2 pulled 2026-09-23,2026-09-23T15:16:41+00:00,false,model-panel-v1,unanimous
NCT05430958,625c86c679f879e1caa59d23ac89e947dce879afa58279683dfb8b2ab090c22d,test,business,ctgov-api-v2 pulled 2026-09-23,2026-09-23T15:16:41+00:00,false,model-panel-v1,unanimous
NCT05446389,33cd4792c5c9feed40a3cc7d303a855d66c4a86ccf139764d7054e2631fa08dc,test,administrative,ctgov-api-v2 pulled 2026-09-23,2026-09-23T15:16:41+00:00,false,model-panel-v1,unanimous
NCT05457530,1b7986a02b4f6cde9cb803e00106326e7104623adffb6a422eaf61c158161944,test,accrual,ctgov-api-v2 pulled 2026-09-23,2026-09-23T15:16:41+00:00,false,model-panel-v1,unanimous
NCT05460624,3850c26ea38f30e01484806a8a3fd3d719c83cdc49c81c147987bd3172ce91a0,dev,funding,ctgov-api-v2 pulled 2026-09-23,2026-09-23T15:16:41+00:00,false,model-panel-v1,unanimous
NCT05497440,24236e417e056856846d7c39d0d657b47278cd2b84b62390823e3422d3fa1cdb,test,administrative,ctgov-api-v2 pulled 2026-09-23,2026-09-23T15:16:41+00:00,false,model-panel-v1,unanimous
NCT05501912,01ba1839364c6712dc068fc867cb617a01beb0dcf0fb611d68803a571325fa71,test,business,ctgov-api-v2 pulled 2026-09-23,2026-09-23T15:16:41+00:00,false,model-panel-v1,unanimous
NCT05516498,ca00cec45e5a9eedc9c64b8faf0729bddfcf9e1568da52e0943968ed4f6e5209,dev,business,ctgov-api-v2 pulled 2026-09-23,2026-09-23T15:16:41+00:00,false,model-panel-v1,unanimous
NCT05541510,f694493dbaddd3448b378ac1498be56b0414998ff59a1d5de3208a0f83c225cd,test,covid19,ctgov-api-v2 pulled 2026-09-23,2026-09-23T15:16:41+00:00,false,model-panel-v1,unanimous
NCT05555004,30543fa72c4702da689a11e0507be8659723a3a1d2a26c34527bb7b1cb2f6f0c,test,accrual,ctgov-api-v2 pulled 2026-09-23,2026-09-23T15:16:41+00:00,false,model-panel-v1,unanimous
NCT05559736,d9e695d14b4d353bbf42bfbced5f58ef975003780e160ad4478f8bb642345eaf,test,other,ctgov-api-v2 pulled 2026-09-23,2026-09-23T15:16:41+00:00,false,model-panel-v1,unanimous
NCT05562011,b3417ba1bc7fdfc5735ae33fbf3def5dcc05c426a6ee7fbcd5a20e7e0ae51c04,test,other,ctgov-api-v2 pulled 2026-09-23,2026-09-23T15:16:41+00:00,false,model-panel-v1,unanimous
NCT05569005,c3329942601b80260bfe8a738bc71e6291877f9586fb4accd4eec790654d4b66,test,accrual,ctgov-api-v2 pulled 2026-09-23,2026-09-23T15:16:41+00:00,false,model-panel-v1,unanimous
NCT05582681,572516af9af61df5b28ef1f8f873721a230e2a185dba22d88b4cfc12ea54b653,test,funding,ctgov-api-v2 pulled 2026-09-23,2026-09-23T15:16:41+00:00,false,model-panel-v1,unanimous
NCT05594264,34ef2dc4edffeccf17ee49c1052f3b35eab3023483311f572c5d8897feee57ff,test,funding,ctgov-api-v2 pulled 2026-09-23,2026-09-23T15:16:41+00:00,false,model-panel-v1,unanimous
NCT05610995,f3c982b771c5a2b8cd9b4caf1fb8d47bf8a30f2104814faa03ee631378910b76,test,accrual,ctgov-api-v2 pulled 2026-09-23,2026-09-23T15:16:41+00:00,false,model-panel-v1,unanimous
NCT05638568,f64e67fbb9d793c47b24e5bbafc2c95084297aa6b6f2c702d35ef48250ae574b,test,other,ctgov-api-v2 pulled 2026-09-23,2026-09-23T15:16:41+00:00,false,model-panel-v1,unanimous
NCT05703659,2537cbc5c481c1340f394e8891101959e933f899b068924c44263b869068ed93,test,accrual,ctgov-api-v2 pulled 2026-09-23,2026-09-23T15:16:41+00:00,false,model-panel-v1,unanimous
NCT05710536,8eacd9c6772c481eb53880292e89486b2306ac19f7b3e10a6c5d202b770e9748,dev,business,ctgov-api-v2 pulled 2026-09-23,2026-09-23T15:16:41+00:00,false,model-panel-v1,unanimous
NCT05731947,9a17d7b6a32fbb8f31e63d043c8a1dd2f1df15775deb437b5e4df82d5a333800,test,efficacy,ctgov-api-v2 pulled 2026-09-23,2026-09-23T15:16:41+00:00,false,model-panel-v1,unanimous
NCT05736952,f7a130c2ccf564555e2cf59edc98f9d2d74e8e08d41f308b3db4b93286ba5af5,test,business,ctgov-api-v2 pulled 2026-09-23,2026-09-23T15:16:41+00:00,false,model-panel-v1,unanimous
NCT05794776,f60b7a8f0f9506a1d13300d286e15536aa1297b7754a977ac0ce058ddb091c69,test,accrual,ctgov-api-v2 pulled 2026-09-23,2026-09-23T15:16:41+00:00,false,model-panel-v1,unanimous
NCT05813899,fa9955c08bc158558124bd211b701816e8a4f9b968fae8a646dcc0a83a51a470,test,covid19,ctgov-api-v2 pulled 2026-09-23,2026-09-23T15:16:41+00:00,false,model-panel-v1,unanimous
NCT05829434,f141fc229cc84e9829c2e6b29dbda2215ef7eea965309614fe96b50eedbe45cd,test,safety,ctgov-api-v2 pulled 2026-09-23,2026-09-23T15:16:41+00:00,false,model-panel-v1,unanimous
NCT05952388,96c521ba1dbda47d150e44f28955aa8455ed3783a203827f18f15e03b2fe757a,dev,administrative,ctgov-api-v2 pulled 2026-09-23,2026-09-23T15:16:41+00:00,false,model-panel-v1,unanimous
NCT05991752,59f61f4df056a7890fddbdeec6fdecac2ce192a195e88d161bcf56a0e70181ed,test,other,ctgov-api-v2 pulled 2026-09-23,2026-09-23T15:16:41+00:00,false,model-panel-v1,unanimous
NCT06008249,cf4ede11f357d55219a7062f702934d895a92ec2d5365a0cb6eb5d79510eae90,dev,efficacy,ctgov-api-v2 pulled 2026-09-23,2026-09-23T15:16:41+00:00,false,model-panel-v1,unanimous
NCT06009536,6898528d345443a08891dd5abbc9234630a7c6b0fe2a45edb5012c9b341f84ee,test,other,ctgov-api-v2 pulled 2026-09-23,2026-09-23T15:16:41+00:00,false,model-panel-v1,majority
NCT06122480,b3ff9dfacaf5a4c4e2dd6c6fbdd9556a0a9d41d6560d91208478e5eb7db6bea2,dev,administrative,ctgov-api-v2 pulled 2026-09-23,2026-09-23T15:16:41+00:00,false,model-panel-v1,unanimous
NCT06207786,3592976325639bd9c1e533b6b29171c0b12b9c575e420f4c5223660dd3128eee,test,funding,ctgov-api-v2 pulled 2026-09-23,2026-09-23T15:16:41+00:00,false,model-panel-v1,unanimous
NCT06210243,5e88933c3cb40132031eb6523d8886c86f36983a44162df7eba1e9259bff4253,test,other,ctgov-api-v2 pulled 2026-09-23,2026-09-23T15:16:41+00:00,false,model-panel-v1,unanimous
NCT06333522,e77a23934f863b22fc5c3a7bea103eb12f1b68d9e2ca8038c45ed7a5166ebc52,test,administrative,ctgov-api-v2 pulled 2026-09-23,2026-09-23T15:16:41+00:00,false,model-panel-v1,unanimous
NCT06420908,10eff444b230600dd658296cedf21ff4bd2d6af149c37cac70dcaa0b4e99c155,test,accrual,ctgov-api-v2 pulled 2026-09-23,2026-09-23T15:16:41+00:00,false,model-panel-v1,unanimous
NCT06455475,aceb52ef75fdd70d9c2ca39048c4c7f0793a6f5a68e2b99418916936a77b9fcb,test,other,ctgov-api-v2 pulled 2026-09-23,2026-09-23T15:16:41+00:00,false,model-panel-v1,unanimous
NCT06485752,b5b2c846265228ebda3d59171776acd5473f41f288596d85cab4a0e1d81c75fc,dev,other,ctgov-api-v2 pulled 2026-09-23,2026-09-23T15:16:41+00:00,false,model-panel-v1,unanimous
NCT06496477,2d19a5615388ca9e3a3113d0f214bde2fe503ea28e61982e1a96448a1f11fb75,dev,accrual,ctgov-api-v2 pulled 2026-09-23,2026-09-23T15:16:41+00:00,false,model-panel-v1,unanimous
NCT06516510,f6e9640f11fea4d308dde657d45457c4c769b1c4e42f8da6fd0122739dd805b8,dev,efficacy,ctgov-api-v2 pulled 2026-09-23,2026-09-23T15:16:41+00:00,false,model-panel-v1,majority
NCT06536309,406327eecc7641167237706e13b65e739c83dd68b5f94d117b1411742b551b5e,test,business,ctgov-api-v2 pulled 2026-09-23,2026-09-23T15:16:41+00:00,false,model-panel-v1,unanimous
NCT06780033,97d2b211d1eb85c3daee248e80214d7cc6a149dcd0acea268bc117b2e3fda1ac,test,business,ctgov-api-v2 pulled 2026-09-23,2026-09-23T15:16:41+00:00,false,model-panel-v1,unanimous
NCT06832423,dd91246ef488c000320d118f380c0d0b52f9be35e0f5353f717f5b3367eac112,test,administrative,ctgov-api-v2 pulled 2026-09-23,2026-09-23T15:16:41+00:00,false,model-panel-v1,unanimous
NCT06833281,80a0adc20dfed2be9a825a51ac984e12fb97ce5b07f9c496d77f07d6bacb3e20,test,other,ctgov-api-v2 pulled 2026-09-23,2026-09-23T15:16:41+00:00,false,model-panel-v1,unanimous
NCT06916143,50632adce1fd65807c26483fa78a81a64a7fccbc12e525d6aca2559240871fcc,dev,other,ctgov-api-v2 pulled 2026-09-23,2026-09-23T15:16:41+00:00,false,model-panel-v1,unanimous
NCT07018804,aa59460014aa70be2d09c7e108480f50caf5a51c5854d9387d402fa02e5c77f8,test,administrative,ctgov-api-v2 pulled 2026-09-23,2026-09-23T15:16:41+00:00,false,model-panel-v1,unanimous
NCT07462390,8e3bdf5d9a603644c132b3b39229fa25702ce53f507c638488feaa6558019224,dev,other,ctgov-api-v2 pulled 2026-09-23,2026-09-23T15:16:41+00:00,false,model-panel-v1,majority
